indie,action,casual,adventure,strategy,simulation,rpg,free_to_play,cluster,color
0,4,0,1,1,0,0,2,0,red
2,4,0,2,2,1,0,0,0,red
1,7,0,4,0,0,2,0,0,red
0,6,0,0,1,0,0,1,0,red
51,60,9,47,18,15,26,3,2,peru
0,3,0,0,0,1,0,1,0,red
2,27,2,6,1,0,2,3,0,red
0,3,0,0,0,0,0,1,0,red
1,6,0,2,1,0,1,0,0,red
0,2,0,0,0,0,0,0,0,red
0,2,0,0,0,0,0,0,0,red
0,2,0,0,0,0,0,0,0,red
66,63,16,35,16,7,19,3,2,peru
1,4,0,0,1,0,0,2,0,red
0,3,0,0,0,0,0,0,0,red
0,5,0,0,0,0,0,0,0,red
0,2,0,0,0,0,0,0,0,red
2,10,0,4,3,0,0,1,0,red
35,22,8,18,18,10,14,1,1,dodgerblue
4,13,1,1,9,3,5,5,0,red
12,15,3,5,8,1,9,5,1,dodgerblue
0,11,0,1,1,0,0,2,0,red
0,2,0,0,0,0,0,0,0,red
18,41,6,18,6,2,8,2,1,dodgerblue
0,2,0,0,1,0,0,1,0,red
0,2,0,0,0,0,0,0,0,red
3,9,1,1,2,5,1,3,0,red
12,28,1,8,4,3,5,7,1,dodgerblue
16,17,3,9,10,7,5,5,1,dodgerblue
0,4,0,0,0,0,0,0,0,red
2,10,0,1,1,1,0,2,0,red
0,6,0,0,0,2,0,2,0,red
2,6,0,1,1,2,2,1,0,red
0,3,0,0,0,0,0,1,0,red
4,6,1,0,0,0,0,1,0,red
0,2,0,0,0,0,0,0,0,red
3,11,0,2,2,0,1,2,0,red
0,4,0,0,1,0,2,2,0,red
0,3,0,0,0,0,0,0,0,red
0,2,0,0,0,0,0,1,0,red
3,11,1,3,3,5,1,3,0,red
0,2,0,0,1,0,0,1,0,red
1,4,1,1,2,1,1,2,0,red
0,3,0,0,0,0,0,1,0,red
24,7,4,5,22,21,5,1,1,dodgerblue
0,6,0,0,0,0,3,1,0,red
0,1,0,0,1,0,0,0,0,red
1,2,0,0,0,0,0,1,0,red
6,15,2,6,4,4,3,2,0,red
0,6,0,2,2,0,2,1,0,red
0,5,0,2,0,0,0,0,0,red
0,4,0,0,0,0,0,1,0,red
1,4,0,1,0,0,1,2,0,red
0,3,0,0,1,0,0,1,0,red
0,3,0,0,0,0,0,0,0,red
7,13,2,4,4,2,7,7,1,dodgerblue
5,14,1,8,2,1,7,3,0,red
4,15,1,6,10,7,6,3,1,dodgerblue
1,4,0,1,0,0,1,1,0,red
11,22,1,9,3,4,7,2,1,dodgerblue
1,5,0,0,0,0,0,1,0,red
4,13,2,4,3,2,2,3,0,red
57,55,12,28,15,13,29,6,2,peru
0,8,0,2,0,0,3,0,0,red
1,3,0,0,1,0,1,1,0,red
0,7,0,1,0,0,1,1,0,red
1,2,0,0,0,1,0,1,0,red
0,2,0,0,0,0,0,0,0,red
17,37,3,18,17,14,12,5,1,dodgerblue
8,12,1,3,8,5,4,5,1,dodgerblue
0,2,0,0,0,0,0,0,0,red
1,4,0,0,2,0,1,3,0,red
0,2,0,0,0,0,0,0,0,red
3,10,2,3,1,0,6,7,0,red
0,2,0,0,0,0,0,1,0,red
16,30,2,15,18,11,7,2,1,dodgerblue
2,3,0,2,1,0,1,1,0,red
2,6,0,1,1,2,1,2,0,red
6,10,0,6,5,2,5,2,0,red
0,2,0,1,0,0,0,0,0,red
5,17,0,8,7,1,9,5,1,dodgerblue
13,31,0,17,14,15,12,1,1,dodgerblue
3,2,0,1,4,3,1,0,0,red
0,1,0,0,1,1,1,1,0,red
12,30,2,6,2,3,1,2,0,red
0,2,0,0,0,0,0,0,0,red
21,43,0,23,26,20,23,5,2,peru
1,3,0,2,0,0,1,1,0,red
28,44,5,25,8,1,10,3,1,dodgerblue
7,19,0,10,4,6,8,4,1,dodgerblue
2,15,0,3,0,0,1,0,0,red
2,6,0,2,0,0,1,5,0,red
66,51,31,49,17,11,9,3,2,peru
118,119,29,54,40,18,40,17,2,peru
9,20,0,4,11,4,14,6,1,dodgerblue
20,31,7,11,10,7,8,3,1,dodgerblue
0,10,0,3,1,0,1,2,0,red
1,16,2,6,3,0,6,2,0,red
25,25,3,20,5,8,4,2,1,dodgerblue
17,10,4,9,9,6,6,2,1,dodgerblue
9,15,0,4,6,5,8,5,1,dodgerblue
0,12,0,5,1,0,2,0,0,red
5,9,2,4,1,1,1,1,0,red
22,25,2,13,9,9,12,6,1,dodgerblue
0,4,0,0,0,0,0,0,0,red
1,4,0,0,1,1,1,0,0,red
0,2,0,0,0,0,0,0,0,red
0,4,0,0,1,0,0,1,0,red
42,51,8,31,26,22,32,6,2,peru
0,2,0,0,1,0,0,1,0,red
2,13,0,4,2,2,7,3,0,red
0,3,0,0,1,0,0,1,0,red
15,27,1,17,15,5,12,2,1,dodgerblue
0,2,0,0,0,0,0,0,0,red
14,40,3,12,2,1,16,6,1,dodgerblue
0,2,0,0,0,0,0,1,0,red
3,11,1,5,4,2,8,1,0,red
0,2,0,0,0,0,0,0,0,red
0,1,0,0,2,1,0,0,0,red
3,10,0,3,1,0,1,1,0,red
34,39,4,11,19,14,9,4,1,dodgerblue
11,14,6,5,15,4,11,15,1,dodgerblue
0,2,0,0,1,0,0,2,0,red
0,7,0,2,1,1,1,2,0,red
0,3,0,0,0,0,0,1,0,red
0,1,0,1,0,0,0,0,0,red
0,6,0,0,0,0,0,1,0,red
12,19,2,8,5,8,5,5,1,dodgerblue
1,0,1,0,1,2,0,0,0,red
23,21,0,11,7,5,8,2,1,dodgerblue
7,6,1,5,4,5,3,4,0,red
6,8,1,8,1,3,2,0,0,red
1,3,0,1,0,0,0,1,0,red
0,2,0,0,0,0,0,0,0,red
1,2,1,1,0,0,0,1,0,red
0,1,0,0,0,0,0,0,0,red
0,2,0,0,0,0,0,0,0,red
1,5,0,0,0,1,0,0,0,red
0,2,0,0,0,0,0,0,0,red
7,9,0,3,1,4,2,3,0,red
9,21,2,10,4,1,7,3,1,dodgerblue
4,14,1,7,2,1,5,3,0,red
2,8,0,4,1,2,2,3,0,red
0,4,0,0,1,0,0,3,0,red
2,4,0,1,0,1,0,1,0,red
10,16,4,10,1,1,4,2,0,red
1,1,0,0,0,1,0,0,0,red
1,9,0,2,1,0,0,1,0,red
0,2,0,0,0,0,0,1,0,red
0,2,0,0,0,0,0,0,0,red
1,5,0,1,1,1,2,1,0,red
13,15,0,5,2,2,9,4,0,red
2,4,0,3,2,1,5,5,0,red
26,64,5,38,12,13,17,6,2,peru
13,36,0,10,9,12,8,8,1,dodgerblue
2,8,0,3,2,0,5,1,0,red
21,23,2,7,25,10,12,9,1,dodgerblue
0,3,0,1,0,1,0,1,0,red
1,4,0,0,0,1,0,1,0,red
0,3,0,1,0,0,0,0,0,red
0,3,0,0,1,0,0,1,0,red
2,6,0,0,0,1,1,1,0,red
0,2,0,0,0,0,0,0,0,red
0,2,0,0,1,0,0,1,0,red
12,15,1,9,7,2,9,4,1,dodgerblue
0,4,0,0,0,0,0,0,0,red
3,7,1,5,2,3,2,4,0,red
0,2,0,0,0,0,0,0,0,red
0,2,0,0,0,0,0,0,0,red
29,38,5,23,8,6,12,2,1,dodgerblue
10,26,3,7,1,1,8,5,1,dodgerblue
1,6,0,0,3,2,0,3,0,red
0,2,0,0,0,0,0,0,0,red
4,7,0,2,1,0,5,1,0,red
10,12,5,6,4,4,9,17,1,dodgerblue
0,3,0,0,0,0,0,0,0,red
1,7,0,2,0,0,2,0,0,red
19,30,6,11,7,3,8,2,1,dodgerblue
51,56,6,24,21,10,18,8,2,peru
1,6,0,2,0,0,0,1,0,red
0,2,0,0,0,0,0,0,0,red
3,7,2,4,2,1,2,5,0,red
7,9,1,3,3,2,3,6,0,red
1,2,0,0,0,1,0,1,0,red
1,6,0,0,0,1,0,1,0,red
0,3,0,0,1,0,0,2,0,red
0,4,0,0,0,0,0,1,0,red
51,68,19,21,37,18,16,5,2,peru
4,15,1,5,3,0,5,1,0,red
0,5,0,0,2,0,0,2,0,red
2,2,0,1,0,0,2,1,0,red
0,4,0,1,0,0,1,1,0,red
3,0,1,3,0,0,0,0,0,red
4,8,0,9,6,2,5,4,0,red
8,15,2,7,4,2,3,4,0,red
1,7,0,2,1,2,0,2,0,red
0,5,0,0,1,0,0,2,0,red
4,12,0,10,2,2,0,1,0,red
0,2,0,0,0,0,0,1,0,red
0,9,0,6,0,0,2,1,0,red
1,2,0,0,0,1,0,2,0,red
5,6,1,1,4,5,2,4,0,red
114,87,17,57,56,32,39,6,2,peru
0,2,0,0,0,0,0,0,0,red
37,35,4,24,12,10,18,3,1,dodgerblue
35,29,10,13,11,4,11,3,1,dodgerblue
3,6,1,2,0,0,1,4,0,red
0,2,0,0,0,0,0,0,0,red
2,5,0,1,1,0,1,2,0,red
9,18,0,10,3,5,5,2,1,dodgerblue
1,7,0,0,1,1,0,2,0,red
0,5,0,0,1,0,1,2,0,red
9,6,2,4,5,1,0,2,0,red
3,7,1,1,1,0,5,5,0,red
6,13,1,0,3,1,4,9,0,red
4,20,1,8,1,1,1,2,0,red
32,35,7,16,8,12,21,11,1,dodgerblue
37,47,7,21,14,10,12,2,1,dodgerblue
0,2,0,0,0,0,0,0,0,red
7,13,0,7,4,3,2,2,0,red
1,1,1,2,0,0,0,0,0,red
0,3,0,0,1,0,0,0,0,red
2,8,0,3,2,0,0,2,0,red
5,8,0,5,2,4,2,1,0,red
1,2,0,2,1,0,2,0,0,red
20,37,4,12,10,7,20,5,1,dodgerblue
12,16,4,8,8,9,8,1,1,dodgerblue
0,2,0,0,0,0,0,1,0,red
1,9,0,3,1,1,0,2,0,red
0,2,0,0,1,0,0,1,0,red
0,3,0,0,0,0,0,0,0,red
0,3,1,1,0,0,0,0,0,red
2,3,1,0,2,0,0,0,0,red
0,2,0,0,0,0,0,0,0,red
0,3,0,0,0,0,0,0,0,red
13,32,2,9,5,4,7,7,1,dodgerblue
0,3,0,0,1,0,1,1,0,red
0,2,0,0,1,0,0,1,0,red
1,2,0,0,0,0,0,1,0,red
0,3,1,0,0,0,0,1,0,red
0,2,0,0,0,0,0,1,0,red
0,2,0,0,1,0,0,2,0,red
12,15,2,10,3,1,7,1,0,red
3,6,0,3,0,1,3,1,0,red
2,6,2,3,0,1,1,3,0,red
1,4,1,0,1,0,1,0,0,red
0,2,0,0,0,0,0,1,0,red
0,2,0,0,2,0,1,2,0,red
1,5,0,2,3,3,0,1,0,red
1,7,0,0,1,0,0,2,0,red
2,8,0,1,2,0,1,2,0,red
19,13,4,9,15,8,15,10,1,dodgerblue
2,4,0,1,2,2,2,2,0,red
46,36,11,28,23,18,20,7,2,peru
10,14,1,7,1,1,5,1,0,red
24,42,3,20,7,14,7,4,1,dodgerblue
11,28,1,14,4,3,3,3,1,dodgerblue
0,2,0,0,0,0,0,0,0,red
1,11,0,5,1,1,4,0,0,red
34,19,11,15,14,7,4,1,1,dodgerblue
1,13,0,2,1,1,2,3,0,red
0,2,0,0,0,0,0,0,0,red
27,35,2,16,11,14,5,7,1,dodgerblue
0,2,0,0,0,0,0,0,0,red
29,29,9,23,8,13,17,4,1,dodgerblue
2,9,0,0,0,3,3,5,0,red
0,6,0,0,1,0,0,1,0,red
1,1,1,0,1,1,0,0,0,red
0,2,0,0,0,0,0,0,0,red
0,2,0,0,0,0,0,0,0,red
4,5,1,5,3,2,2,2,0,red
0,3,0,0,3,0,0,1,0,red
13,18,3,9,15,9,7,3,1,dodgerblue
0,2,0,0,0,0,0,0,0,red
13,11,2,9,11,1,13,5,1,dodgerblue
1,7,1,2,1,1,2,5,0,red
2,0,0,0,0,4,0,0,0,red
0,3,0,0,0,0,0,0,0,red
1,7,0,4,2,0,0,1,0,red
4,12,0,2,5,0,3,4,0,red
1,2,0,0,1,1,0,1,0,red
2,6,0,3,4,5,2,2,0,red
72,73,11,37,19,14,22,6,2,peru
0,3,0,0,0,0,0,1,0,red
0,5,0,0,0,0,0,0,0,red
10,30,1,13,7,4,8,4,1,dodgerblue
0,2,0,0,0,0,0,0,0,red
0,6,0,1,0,0,0,0,0,red
2,13,0,3,1,1,3,1,0,red
1,6,0,0,0,1,0,1,0,red
40,43,9,21,20,15,20,11,2,peru
32,30,3,12,8,7,11,6,1,dodgerblue
6,10,2,5,5,4,5,5,0,red
8,16,1,6,1,1,5,2,0,red
0,3,0,0,2,0,2,1,0,red
43,57,7,27,5,2,15,3,1,dodgerblue
0,2,0,1,0,0,0,0,0,red
27,26,2,23,7,5,16,2,1,dodgerblue
6,12,1,5,2,6,6,0,0,red
2,7,3,4,1,1,3,3,0,red
0,9,1,4,1,0,0,1,0,red
0,2,0,0,0,0,0,0,0,red
13,20,4,13,11,8,6,3,1,dodgerblue
11,34,1,12,7,3,8,4,1,dodgerblue
2,4,1,0,0,1,0,2,0,red
10,14,2,4,3,2,5,1,0,red
0,3,0,0,1,0,0,2,0,red
0,3,0,1,1,0,0,1,0,red
0,2,0,0,0,0,0,0,0,red
0,2,0,0,0,0,0,1,0,red
0,4,0,1,0,0,0,3,0,red
31,34,7,29,9,4,15,5,1,dodgerblue
8,15,4,3,2,2,3,7,0,red
4,21,1,7,2,1,1,2,0,red
0,3,0,0,0,0,0,1,0,red
38,36,11,29,8,7,12,2,1,dodgerblue
2,6,0,1,2,0,0,2,0,red
6,13,0,5,4,3,7,2,0,red
76,79,17,38,23,17,24,5,2,peru
58,49,11,21,18,10,17,4,2,peru
0,2,0,0,0,0,0,0,0,red
0,2,0,0,0,0,0,0,0,red
0,9,0,1,1,1,2,2,0,red
0,2,0,0,0,0,0,0,0,red
0,3,0,1,0,0,1,0,0,red
3,9,1,2,0,0,0,1,0,red
0,4,0,0,1,0,1,1,0,red
1,9,0,1,1,0,0,2,0,red
0,2,0,1,0,0,0,0,0,red
9,17,3,6,3,3,6,5,1,dodgerblue
0,1,0,0,2,0,0,0,0,red
0,4,0,1,1,2,1,2,0,red
7,16,2,6,3,1,2,5,0,red
4,8,1,3,2,2,2,3,0,red
2,2,0,1,1,0,1,0,0,red
36,72,6,30,15,7,13,4,2,peru
2,4,1,2,1,0,3,2,0,red
0,3,0,0,0,0,1,1,0,red
9,20,0,8,4,4,8,3,1,dodgerblue
0,6,0,0,1,0,2,4,0,red
1,2,0,0,0,1,1,2,0,red
24,21,5,10,2,3,7,7,1,dodgerblue
0,2,0,0,2,0,0,1,0,red
0,2,0,0,1,0,0,1,0,red
10,21,5,16,5,5,12,4,1,dodgerblue
1,6,0,5,0,0,3,0,0,red
1,0,0,0,5,3,2,0,0,red
0,4,0,1,1,1,0,0,0,red
0,2,0,0,0,0,0,1,0,red
18,24,6,13,2,4,19,24,1,dodgerblue
0,3,0,0,0,0,0,1,0,red
3,1,2,2,1,1,0,0,0,red
0,2,0,0,0,0,0,1,0,red
15,29,4,20,7,6,14,1,1,dodgerblue
0,3,0,0,0,0,0,1,0,red
0,4,0,0,0,0,0,1,0,red
1,8,0,4,1,1,1,0,0,red
5,15,0,3,3,1,3,3,0,red
0,4,0,0,0,0,0,0,0,red
1,3,0,0,0,1,0,0,0,red
1,1,0,1,0,1,1,0,0,red
39,52,6,27,29,14,24,6,2,peru
0,4,0,0,0,1,0,1,0,red
0,2,0,0,0,0,0,0,0,red
0,2,0,0,0,0,0,1,0,red
0,3,0,0,0,0,0,0,0,red
0,1,0,1,1,0,0,0,0,red
2,4,1,2,2,2,0,0,0,red
0,4,0,0,1,0,0,1,0,red
5,10,2,1,2,0,1,1,0,red
0,3,0,0,0,0,0,0,0,red
2,2,0,0,3,0,1,0,0,red
1,4,0,1,1,1,0,1,0,red
2,6,0,5,10,13,5,1,1,dodgerblue
10,25,1,6,5,2,7,9,1,dodgerblue
2,3,0,1,0,1,1,2,0,red
1,2,0,0,1,0,1,0,0,red
2,1,2,0,3,2,1,1,0,red
9,20,2,21,5,1,7,1,1,dodgerblue
24,25,4,9,3,1,11,6,1,dodgerblue
0,2,0,0,0,0,0,1,0,red
16,26,3,8,4,2,7,12,1,dodgerblue
4,11,1,1,4,2,7,3,0,red
0,2,0,0,0,0,0,0,0,red
1,6,0,3,0,0,0,1,0,red
17,44,7,14,10,5,8,9,1,dodgerblue
17,28,5,11,23,17,12,6,1,dodgerblue
0,3,0,0,0,0,0,1,0,red
2,5,1,3,0,0,0,2,0,red
28,46,4,23,10,17,18,6,1,dodgerblue
1,6,0,1,0,1,0,1,0,red
27,29,6,11,29,19,25,11,2,peru
0,5,0,0,0,0,1,0,0,red
1,3,1,1,2,0,2,0,0,red
1,6,0,0,1,0,0,3,0,red
0,4,0,0,0,0,1,2,0,red
0,3,0,0,1,1,0,2,0,red
7,37,1,14,2,2,9,3,1,dodgerblue
3,7,0,3,1,1,3,2,0,red
3,10,0,5,1,0,2,1,0,red
0,2,0,0,0,0,0,1,0,red
1,4,0,0,1,0,0,1,0,red
17,27,3,15,12,3,11,3,1,dodgerblue
5,13,2,7,2,5,3,2,0,red
8,15,5,10,9,2,11,8,1,dodgerblue
1,9,0,1,1,0,2,2,0,red
6,13,3,5,5,4,11,16,1,dodgerblue
2,5,0,2,2,3,2,3,0,red
1,1,0,1,2,2,1,0,0,red
9,14,4,6,2,3,4,14,1,dodgerblue
0,3,0,1,0,0,2,1,0,red
3,7,0,2,1,0,2,0,0,red
4,1,1,2,1,2,1,0,0,red
0,2,0,0,0,0,0,0,0,red
1,2,0,0,0,2,0,1,0,red
3,4,0,2,2,5,3,0,0,red
14,43,1,22,4,11,7,8,1,dodgerblue
8,13,0,7,8,6,10,2,1,dodgerblue
0,2,0,0,0,0,0,0,0,red
0,2,0,0,0,0,0,1,0,red
15,15,1,8,8,9,9,2,1,dodgerblue
21,38,2,13,10,13,13,9,1,dodgerblue
1,6,0,2,1,0,0,2,0,red
0,10,0,4,2,1,0,0,0,red
0,3,0,0,0,0,0,1,0,red
13,13,0,12,4,5,3,1,0,red
0,2,0,0,0,1,0,1,0,red
3,6,2,3,1,2,3,7,0,red
0,2,0,0,0,0,0,0,0,red
2,3,1,1,1,0,0,2,0,red
13,27,6,14,4,2,20,12,1,dodgerblue
0,2,0,0,0,0,0,0,0,red
2,0,0,0,7,1,1,1,0,red
3,6,0,0,2,1,0,4,0,red
1,3,0,0,1,0,0,1,0,red
0,5,0,0,0,0,0,0,0,red
0,2,0,0,1,0,0,1,0,red
0,2,0,0,0,0,0,0,0,red
0,2,0,0,0,0,0,0,0,red
0,5,0,0,2,1,0,2,0,red
1,3,0,1,1,0,1,1,0,red
23,32,6,19,3,6,9,5,1,dodgerblue
18,14,0,7,21,9,20,3,1,dodgerblue
61,76,9,33,59,37,40,4,2,peru
0,2,0,0,0,0,0,0,0,red
2,7,1,2,1,1,0,1,0,red
0,3,0,0,0,0,0,0,0,red
0,2,0,0,0,0,0,0,0,red
0,3,0,0,1,0,0,1,0,red
12,28,3,13,3,4,10,1,1,dodgerblue
0,4,0,0,0,0,0,0,0,red
2,5,1,2,1,0,2,3,0,red
0,3,0,0,0,0,0,1,0,red
4,1,1,0,7,5,4,0,0,red
5,7,3,3,1,0,5,8,0,red
0,2,0,0,0,0,0,0,0,red
0,3,0,0,0,0,0,1,0,red
3,7,1,0,8,3,1,1,0,red
0,2,0,0,0,0,0,0,0,red
0,2,0,0,0,0,2,1,0,red
6,7,3,3,0,1,2,8,0,red
21,27,7,14,10,9,14,6,1,dodgerblue
5,9,0,1,2,0,2,2,0,red
6,11,2,3,2,1,1,5,0,red
48,79,8,46,19,16,41,12,2,peru
0,3,0,0,0,0,0,0,0,red
15,27,3,17,8,7,7,4,1,dodgerblue
0,4,0,0,0,0,0,1,0,red
9,10,2,11,3,2,6,3,0,red
0,3,0,0,1,0,0,2,0,red
36,50,7,19,11,5,18,3,1,dodgerblue
2,5,0,1,1,0,0,2,0,red
1,4,0,1,7,1,2,0,0,red
0,8,0,3,0,0,1,2,0,red
1,5,1,2,1,0,1,3,0,red
0,0,0,0,2,0,0,0,0,red
45,49,15,23,9,10,24,14,2,peru
2,2,2,3,1,1,1,1,0,red
0,3,0,0,0,0,0,0,0,red
3,1,0,0,4,2,2,0,0,red
1,5,0,1,1,0,0,3,0,red
3,11,1,1,3,0,2,4,0,red
0,2,0,0,1,1,0,0,0,red
0,4,0,0,0,0,0,1,0,red
0,2,0,0,0,0,0,1,0,red
78,100,22,31,31,13,30,28,2,peru
0,2,0,0,2,1,1,1,0,red
0,0,0,0,2,2,1,0,0,red
2,9,1,2,2,2,2,1,0,red
3,8,0,2,0,1,1,4,0,red
0,0,0,0,4,4,1,0,0,red
3,1,0,0,0,3,0,0,0,red
6,13,2,5,5,2,4,2,0,red
17,4,1,3,26,14,11,3,1,dodgerblue
5,0,1,2,6,5,1,1,0,red
4,17,0,4,4,1,2,2,0,red
6,12,0,2,4,2,5,2,0,red
0,10,0,6,3,1,1,1,0,red
30,48,15,11,9,3,7,6,1,dodgerblue
20,26,3,8,11,15,11,8,1,dodgerblue
0,4,1,2,0,0,3,1,0,red
0,3,0,0,0,0,0,0,0,red
1,10,0,2,3,1,1,3,0,red
58,54,13,49,20,14,12,2,2,peru
0,0,0,0,2,2,0,0,0,red
0,2,0,0,0,0,0,0,0,red
29,36,3,16,13,0,18,7,1,dodgerblue
1,1,0,1,0,0,0,0,0,red
0,1,0,0,0,0,1,0,0,red
5,1,1,1,8,5,5,2,0,red
2,5,1,0,0,0,0,2,0,red
0,4,0,0,1,2,0,4,0,red
0,4,0,0,1,0,0,2,0,red
3,10,0,5,2,1,2,1,0,red
12,18,2,8,6,2,9,4,1,dodgerblue
1,2,0,0,1,0,0,2,0,red
56,35,12,29,14,13,16,4,2,peru
9,19,1,8,4,6,8,6,1,dodgerblue
0,2,0,0,0,0,0,0,0,red
2,4,1,1,0,0,2,0,0,red
0,3,0,0,0,0,0,0,0,red
0,4,0,0,0,0,0,0,0,red
0,4,0,0,0,0,0,0,0,red
0,3,0,0,0,0,0,1,0,red
77,76,15,34,19,14,17,3,2,peru
13,21,2,17,2,1,16,3,1,dodgerblue
0,4,0,1,0,0,0,1,0,red
1,10,0,2,1,0,2,2,0,red
0,2,0,0,0,0,0,1,0,red
5,5,0,3,0,0,3,0,0,red
1,2,0,1,0,0,1,1,0,red
0,6,0,1,0,1,1,0,0,red
6,6,0,2,10,11,7,1,1,dodgerblue
13,15,4,11,4,2,7,1,1,dodgerblue
0,2,0,0,0,0,0,0,0,red
6,8,0,5,0,2,4,0,0,red
0,2,0,0,0,0,0,0,0,red
11,22,3,7,3,2,4,4,1,dodgerblue
20,17,4,10,4,4,15,2,1,dodgerblue
12,8,2,5,14,8,6,1,1,dodgerblue
0,3,0,1,0,0,2,0,0,red
0,3,0,0,0,0,0,1,0,red
0,0,0,0,1,0,1,0,0,red
0,1,0,0,1,0,0,0,0,red
0,2,0,0,0,0,0,1,0,red
28,25,3,22,7,8,11,0,1,dodgerblue
33,49,7,22,12,8,17,8,1,dodgerblue
6,14,1,2,3,4,4,9,0,red
0,3,0,2,0,0,2,0,0,red
3,11,0,4,2,2,2,2,0,red
39,67,5,27,15,11,30,24,2,peru
9,18,0,12,5,4,5,1,1,dodgerblue
12,14,1,5,5,2,6,2,0,red
0,4,0,0,1,1,1,0,0,red
1,8,0,6,0,0,0,1,0,red
0,3,0,0,1,0,0,3,0,red
1,7,0,3,2,3,3,2,0,red
2,5,0,1,0,1,2,1,0,red
0,2,0,0,1,0,1,1,0,red
11,18,0,3,12,12,3,7,1,dodgerblue
0,1,0,0,1,0,1,1,0,red
8,13,0,2,3,6,4,6,0,red
1,3,0,1,0,0,1,1,0,red
3,9,0,3,3,3,2,1,0,red
0,1,0,1,0,0,1,0,0,red
32,50,2,23,5,2,12,2,1,dodgerblue
5,15,0,6,6,1,6,3,0,red
0,7,0,0,1,0,0,2,0,red
0,2,0,0,0,0,0,1,0,red
1,4,0,1,3,1,0,2,0,red
0,2,0,2,2,1,0,0,0,red
0,4,0,2,0,0,1,0,0,red
10,16,3,6,5,7,3,2,1,dodgerblue
6,7,1,5,3,5,5,2,0,red
4,8,1,4,1,1,4,4,0,red
7,17,1,5,2,4,3,5,0,red
0,3,0,0,0,0,0,0,0,red
0,2,0,0,0,0,0,1,0,red
55,61,18,23,11,3,23,19,2,peru
3,5,0,1,8,12,2,3,0,red
11,16,4,10,1,1,13,11,1,dodgerblue
1,2,0,1,2,1,1,1,0,red
0,3,0,1,0,0,2,0,0,red
3,5,1,2,4,3,2,1,0,red
3,6,1,3,5,4,4,1,0,red
6,7,3,2,3,0,0,3,0,red
1,2,1,1,1,0,0,2,0,red
33,31,8,20,16,18,8,5,1,dodgerblue
4,4,0,2,1,2,3,0,0,red
5,6,2,4,2,1,2,0,0,red
3,10,0,0,2,3,2,11,0,red
4,15,1,5,4,0,7,2,0,red
0,2,0,0,0,0,0,1,0,red
0,2,0,0,0,1,3,0,0,red
1,4,0,1,2,1,1,1,0,red
3,7,1,4,0,1,0,1,0,red
2,5,1,2,1,1,3,5,0,red
3,14,1,5,1,1,4,4,0,red
0,6,0,2,0,0,2,1,0,red
0,4,0,0,0,0,0,0,0,red
3,13,0,4,1,3,1,3,0,red
8,19,1,4,12,4,7,4,1,dodgerblue
3,6,1,2,2,2,1,2,0,red
0,2,0,0,0,0,0,1,0,red
2,8,0,7,0,0,5,0,0,red
13,14,4,12,11,14,5,1,1,dodgerblue
1,2,1,1,0,0,1,1,0,red
1,22,2,6,2,1,2,4,0,red
7,11,0,2,5,1,4,1,0,red
7,9,0,4,0,1,6,6,0,red
5,9,4,3,3,2,2,7,0,red
22,27,3,14,4,1,13,4,1,dodgerblue
0,3,0,0,0,0,0,0,0,red
1,4,1,2,1,0,0,3,0,red
8,3,2,3,2,0,2,0,0,red
15,36,2,17,3,3,12,13,1,dodgerblue
14,38,2,11,7,5,15,14,1,dodgerblue
0,6,0,1,0,0,0,0,0,red
0,2,0,0,0,0,0,0,0,red
4,14,1,4,1,1,7,5,0,red
41,19,13,30,11,8,10,2,1,dodgerblue
1,4,0,1,0,0,1,0,0,red
17,24,5,9,5,7,9,20,1,dodgerblue
1,2,0,1,0,1,0,0,0,red
3,23,1,11,2,2,5,4,1,dodgerblue
0,2,0,0,0,0,0,1,0,red
10,8,1,11,3,5,4,0,0,red
3,7,2,4,4,4,4,7,0,red
17,35,2,15,14,4,18,7,1,dodgerblue
2,6,2,2,1,1,1,2,0,red
1,6,0,2,2,4,3,6,0,red
0,1,0,0,2,0,0,1,0,red
1,3,1,1,2,1,1,3,0,red
0,5,0,0,1,0,0,1,0,red
4,4,0,0,2,1,2,0,0,red
0,3,0,1,0,0,1,0,0,red
5,11,1,5,2,0,4,1,0,red
0,2,0,1,0,0,0,0,0,red
8,11,3,5,10,9,2,6,1,dodgerblue
1,5,0,1,1,0,0,3,0,red
3,4,0,5,0,0,0,0,0,red
14,31,2,8,12,12,5,5,1,dodgerblue
1,0,8,1,0,0,0,0,0,red
189,169,59,96,80,31,49,8,2,peru
4,15,1,2,2,2,2,7,0,red
0,2,0,0,1,0,0,2,0,red
3,18,1,3,6,3,3,4,0,red
9,5,1,4,4,7,2,1,0,red
9,22,0,10,13,5,11,3,1,dodgerblue
0,2,0,0,0,0,0,0,0,red
3,14,0,4,1,7,0,5,0,red
0,0,0,0,2,0,0,1,0,red
3,5,0,0,1,2,1,3,0,red
0,2,0,0,2,0,0,0,0,red
2,5,0,0,1,1,0,4,0,red
1,2,0,1,1,0,1,1,0,red
7,22,1,8,6,4,6,5,1,dodgerblue
0,3,0,0,1,0,0,2,0,red
1,3,0,0,2,0,0,1,0,red
0,4,0,0,0,0,0,1,0,red
1,5,0,3,0,0,1,0,0,red
1,14,0,3,2,3,0,2,0,red
2,9,1,2,2,2,1,6,0,red
3,4,1,3,0,0,1,1,0,red
1,10,1,5,2,1,6,2,0,red
0,2,0,0,0,0,0,1,0,red
4,8,0,2,2,4,4,4,0,red
3,8,0,1,0,1,4,9,0,red
2,6,1,4,1,0,1,3,0,red
48,52,10,27,10,10,24,6,2,peru
1,2,0,0,0,0,0,1,0,red
15,27,2,11,8,3,7,2,1,dodgerblue
8,8,1,11,2,2,6,0,0,red
36,19,21,16,7,3,4,2,1,dodgerblue
9,11,0,8,9,11,7,2,1,dodgerblue
1,4,0,2,0,0,1,0,0,red
0,2,0,1,0,0,0,0,0,red
1,3,0,1,0,0,0,0,0,red
1,3,0,0,1,1,0,2,0,red
0,2,0,1,0,0,0,1,0,red
8,4,6,0,7,2,6,1,0,red
0,2,0,0,1,0,0,1,0,red
3,2,1,2,4,4,0,0,0,red
18,26,1,9,5,0,11,5,1,dodgerblue
1,9,1,0,1,0,0,1,0,red
69,71,14,32,22,7,19,4,2,peru
2,10,0,4,2,2,2,1,0,red
0,3,0,0,0,0,1,0,0,red
4,5,1,4,1,0,6,1,0,red
1,2,0,0,1,2,0,0,0,red
6,14,1,10,0,1,3,0,0,red
0,11,0,4,1,0,1,2,0,red
2,4,2,2,2,2,2,3,0,red
20,37,3,18,9,10,17,4,1,dodgerblue
7,11,3,5,4,5,7,11,1,dodgerblue
2,5,1,1,2,2,3,0,0,red
1,3,0,1,1,0,1,3,0,red
2,1,0,1,1,2,1,0,0,red
9,7,0,7,7,3,12,1,1,dodgerblue
0,3,0,0,0,0,0,1,0,red
0,2,0,0,0,0,0,0,0,red
1,1,0,1,5,4,0,0,0,red
0,1,0,1,0,0,1,0,0,red
0,2,0,0,0,0,1,1,0,red
14,23,3,10,4,12,3,11,1,dodgerblue
8,15,2,8,4,0,6,3,0,red
12,23,2,6,13,13,6,9,1,dodgerblue
0,2,0,1,0,0,0,0,0,red
0,2,0,0,0,0,0,0,0,red
4,8,1,3,5,5,1,3,0,red
2,4,1,2,1,1,2,3,0,red
2,5,0,3,0,1,3,0,0,red
1,3,1,3,4,1,1,1,0,red
7,15,0,4,3,4,7,4,0,red
17,39,2,17,9,6,12,7,1,dodgerblue
0,4,0,0,0,0,0,1,0,red
11,19,2,5,6,2,12,7,1,dodgerblue
5,6,1,3,0,1,2,2,0,red
1,1,0,0,2,5,0,0,0,red
9,13,2,9,9,5,5,6,1,dodgerblue
2,4,2,2,2,1,1,4,0,red
1,4,0,2,0,0,2,0,0,red
2,4,0,2,0,0,3,2,0,red
3,8,0,1,0,1,1,3,0,red
3,10,1,4,2,0,2,0,0,red
1,7,0,0,0,1,0,1,0,red
0,5,0,1,1,0,3,2,0,red
0,1,0,0,1,0,0,1,0,red
1,2,0,0,0,1,0,0,0,red
6,11,2,6,2,0,3,2,0,red
3,11,0,6,1,1,7,2,0,red
0,2,0,0,1,0,0,1,0,red
25,42,7,20,19,13,18,4,1,dodgerblue
0,4,0,3,2,1,0,0,0,red
2,4,0,2,0,0,2,1,0,red
0,4,0,1,1,0,0,1,0,red
0,3,0,1,0,0,0,0,0,red
11,16,3,6,6,2,7,5,1,dodgerblue
0,2,0,0,0,0,0,0,0,red
2,2,1,0,1,0,2,4,0,red
8,12,0,4,4,2,5,6,0,red
37,50,10,33,6,3,10,1,1,dodgerblue
3,1,1,0,1,0,0,0,0,red
2,4,2,10,0,0,1,0,0,red
26,29,5,15,10,6,10,3,1,dodgerblue
1,2,0,1,0,0,1,0,0,red
1,2,0,1,0,1,0,0,0,red
2,5,1,2,1,0,2,2,0,red
1,1,0,0,4,5,2,1,0,red
7,12,0,1,1,0,2,2,0,red
0,2,0,2,0,0,1,0,0,red
0,2,0,1,0,0,0,0,0,red
4,7,0,1,6,1,3,9,0,red
9,17,0,7,6,4,9,3,1,dodgerblue
20,19,2,15,3,7,7,6,1,dodgerblue
0,13,0,5,0,0,0,0,0,red
1,2,0,1,0,0,2,3,0,red
56,52,13,33,10,6,10,5,2,peru
39,38,4,29,6,8,27,3,1,dodgerblue
0,2,0,1,0,0,2,0,0,red
4,8,0,6,3,8,4,1,0,red
0,5,0,0,1,0,0,1,0,red
2,2,0,0,0,1,0,0,0,red
0,2,0,0,1,0,0,1,0,red
6,11,1,3,0,0,4,1,0,red
5,4,1,3,3,3,4,2,0,red
3,4,0,2,1,2,1,1,0,red
4,8,1,0,0,2,1,3,0,red
0,3,0,0,1,0,0,2,0,red
18,35,4,17,10,1,12,3,1,dodgerblue
2,2,1,1,1,0,1,1,0,red
0,3,0,0,1,0,0,1,0,red
25,28,6,9,12,6,10,13,1,dodgerblue
3,11,0,4,2,3,2,1,0,red
9,16,3,11,3,3,6,7,1,dodgerblue
1,1,0,0,0,1,1,2,0,red
1,3,0,0,1,1,1,0,0,red
0,0,0,1,0,0,1,0,0,red
21,15,6,16,4,4,3,0,1,dodgerblue
0,2,0,0,0,0,0,0,0,red
13,16,1,9,8,6,14,10,1,dodgerblue
0,10,0,4,0,0,2,0,0,red
1,6,1,2,2,0,1,0,0,red
3,6,2,1,3,1,1,7,0,red
38,34,10,29,13,5,25,4,2,peru
1,3,0,0,1,0,1,1,0,red
0,2,0,1,0,0,0,1,0,red
1,3,0,1,0,1,1,2,0,red
0,2,0,0,1,0,0,1,0,red
0,2,0,0,0,0,0,1,0,red
0,4,0,3,1,1,0,0,0,red
0,0,1,2,0,0,3,2,0,red
2,1,0,1,0,5,0,0,0,red
4,9,0,1,2,0,7,0,0,red
6,1,2,1,12,9,4,2,0,red
0,2,0,1,1,0,0,0,0,red
0,2,0,0,1,0,0,1,0,red
0,3,0,1,0,0,0,0,0,red
2,2,1,1,2,1,3,4,0,red
0,2,0,0,0,0,0,0,0,red
8,10,3,2,3,3,8,7,1,dodgerblue
1,6,0,1,2,0,0,2,0,red
17,10,3,7,12,10,5,5,1,dodgerblue
2,6,0,3,0,2,2,2,0,red
8,3,0,2,8,12,4,0,0,red
0,2,0,1,0,0,0,0,0,red
0,5,0,1,1,0,1,2,0,red
0,3,0,0,1,0,0,1,0,red
4,1,1,2,1,1,0,0,0,red
0,2,0,0,0,0,0,1,0,red
4,3,3,1,0,3,2,4,0,red
0,5,0,1,1,0,0,1,0,red
7,10,2,6,2,4,5,2,0,red
18,18,0,9,2,8,7,6,1,dodgerblue
5,10,1,2,5,5,3,3,0,red
0,2,0,0,1,0,0,1,0,red
19,18,5,8,22,5,22,1,1,dodgerblue
0,2,0,1,0,0,1,0,0,red
0,7,0,5,1,0,1,0,0,red
5,9,2,0,6,0,3,2,0,red
17,31,3,13,9,4,10,3,1,dodgerblue
21,54,4,21,7,7,8,12,1,dodgerblue
3,7,1,1,1,0,2,4,0,red
0,3,0,0,0,0,0,0,0,red
1,3,0,0,2,0,2,1,0,red
1,5,0,2,1,0,1,2,0,red
3,4,0,0,4,2,0,1,0,red
1,2,0,1,2,1,2,1,0,red
0,1,0,1,1,0,0,0,0,red
1,5,0,1,2,0,3,2,0,red
14,22,2,9,9,12,8,3,1,dodgerblue
0,2,1,0,1,1,0,0,0,red
0,2,0,0,0,0,0,1,0,red
1,1,1,1,0,0,2,0,0,red
13,21,3,8,8,10,8,5,1,dodgerblue
0,7,0,1,1,0,0,2,0,red
20,26,7,15,7,8,7,4,1,dodgerblue
7,4,0,2,8,3,3,5,0,red
31,25,7,10,7,6,5,1,1,dodgerblue
11,8,6,1,2,1,0,0,0,red
2,5,0,1,2,0,1,3,0,red
2,1,0,1,0,0,1,0,0,red
0,5,0,1,1,0,0,1,0,red
1,8,1,4,2,3,1,6,0,red
0,2,1,1,1,0,1,3,0,red
2,5,0,4,3,1,7,1,0,red
2,5,0,2,1,0,0,1,0,red
6,13,2,5,3,4,5,11,1,dodgerblue
5,6,0,3,1,0,1,0,0,red
1,1,0,0,0,1,1,0,0,red
1,5,0,2,3,1,0,1,0,red
1,9,0,1,2,2,2,7,0,red
1,1,0,0,2,0,1,0,0,red
0,2,0,0,0,0,0,1,0,red
0,2,0,0,0,0,0,0,0,red
0,5,0,1,1,0,0,3,0,red
3,4,0,0,2,3,2,2,0,red
3,4,0,1,0,3,0,2,0,red
1,2,0,0,0,0,0,1,0,red
31,32,8,22,4,7,16,7,1,dodgerblue
3,3,2,2,2,1,3,4,0,red
15,38,1,11,11,5,10,10,1,dodgerblue
2,3,0,1,0,2,0,0,0,red
0,4,0,1,1,0,0,1,0,red
0,2,0,0,1,0,0,2,0,red
0,4,0,1,5,2,2,0,0,red
5,10,1,5,5,6,7,1,0,red
0,3,0,1,1,0,0,2,0,red
2,3,1,1,0,1,0,1,0,red
21,24,1,9,10,8,11,2,1,dodgerblue
15,23,6,5,4,3,8,20,1,dodgerblue
8,17,0,12,1,1,6,3,0,red
2,3,1,3,0,0,1,1,0,red
17,12,5,7,4,2,4,7,1,dodgerblue
3,4,1,3,0,1,1,2,0,red
35,32,7,14,10,2,22,9,1,dodgerblue
1,3,1,1,0,0,0,0,0,red
0,3,0,0,0,0,1,1,0,red
0,1,0,0,1,1,0,1,0,red
11,24,1,10,6,3,8,4,1,dodgerblue
16,29,3,15,6,6,12,7,1,dodgerblue
1,1,0,1,0,0,0,0,0,red
0,2,0,0,1,0,0,1,0,red
15,17,7,15,7,1,12,4,1,dodgerblue
3,3,1,2,1,2,1,0,0,red
16,24,5,15,4,6,6,4,1,dodgerblue
8,24,2,8,9,5,8,7,1,dodgerblue
1,9,1,4,2,0,2,3,0,red
0,3,0,0,0,0,0,0,0,red
0,3,0,0,0,0,0,1,0,red
5,11,1,2,0,1,3,12,0,red
0,2,0,0,0,0,0,1,0,red
0,2,0,1,0,0,0,1,0,red
36,32,9,23,7,7,14,6,1,dodgerblue
0,4,0,0,0,0,1,1,0,red
0,3,0,0,0,0,0,1,0,red
17,27,5,19,4,5,7,7,1,dodgerblue
0,2,0,0,0,0,0,0,0,red
1,3,1,1,1,0,1,2,0,red
3,8,0,3,1,2,2,2,0,red
7,10,2,6,5,1,4,5,0,red
2,6,1,3,1,1,0,3,0,red
1,4,2,1,1,0,0,3,0,red
21,27,4,10,7,4,9,10,1,dodgerblue
5,25,1,12,2,3,8,3,1,dodgerblue
14,30,3,7,4,4,7,9,1,dodgerblue
8,5,2,7,1,0,3,0,0,red
2,2,2,2,1,1,2,3,0,red
3,6,0,1,1,1,2,6,0,red
0,1,1,1,0,0,0,0,0,red
0,2,0,1,1,0,0,1,0,red
2,5,0,0,1,0,0,4,0,red
4,4,0,6,0,1,0,0,0,red
0,2,0,0,0,0,0,1,0,red
2,5,1,2,1,1,1,4,0,red
21,19,4,7,4,7,5,5,1,dodgerblue
4,3,1,3,0,0,4,3,0,red
1,3,0,1,1,0,1,1,0,red
0,3,0,0,0,0,0,1,0,red
0,2,0,0,0,0,0,1,0,red
1,3,0,0,1,0,0,1,0,red
6,10,0,6,4,2,5,2,0,red
0,2,0,0,1,0,0,2,0,red
0,2,0,1,0,0,0,1,0,red
1,2,0,1,0,0,1,1,0,red
2,8,0,2,1,1,1,3,0,red
8,11,2,1,4,4,2,8,0,red
1,3,0,0,1,2,0,3,0,red
0,3,0,2,1,0,0,1,0,red
22,31,3,13,8,2,11,6,1,dodgerblue
0,2,0,0,1,0,0,2,0,red
8,11,2,6,1,2,4,2,0,red
0,2,0,0,1,0,0,2,0,red
3,8,1,3,2,0,1,4,0,red
0,3,0,0,0,0,0,2,0,red
3,8,2,4,2,1,1,3,0,red
1,1,0,1,0,0,0,0,0,red
0,2,0,0,0,0,0,1,0,red
0,2,0,0,0,0,0,1,0,red
0,2,0,1,0,0,0,0,0,red
37,18,7,17,25,16,22,7,2,peru
5,8,0,2,3,3,0,3,0,red
2,3,0,2,4,3,1,1,0,red
0,2,0,0,0,0,0,0,0,red
1,1,0,0,0,1,0,0,0,red
11,7,4,6,4,1,4,0,0,red
4,6,1,3,1,3,1,3,0,red
1,4,0,2,0,2,1,1,0,red
7,8,2,3,2,2,4,3,0,red
3,14,0,10,0,1,3,1,0,red
0,3,0,0,0,0,0,2,0,red
4,8,1,4,1,2,2,5,0,red
23,28,5,10,10,7,7,6,1,dodgerblue
0,2,0,0,1,1,0,1,0,red
0,4,0,0,1,0,0,2,0,red
3,7,1,4,4,2,2,0,0,red
1,6,1,1,1,0,1,3,0,red
2,3,0,1,2,1,2,4,0,red
1,3,0,1,0,1,0,1,0,red
3,6,0,2,2,1,2,1,0,red
3,5,1,1,0,1,1,5,0,red
11,23,4,11,8,8,5,3,1,dodgerblue
57,67,10,28,25,20,26,22,2,peru
0,3,0,0,0,0,0,0,0,red
1,10,0,5,0,1,2,2,0,red
7,12,0,3,2,0,3,2,0,red
6,6,4,4,3,0,5,2,0,red
0,2,0,2,1,0,0,1,0,red
12,11,5,10,5,7,4,4,1,dodgerblue
7,6,2,2,2,3,2,4,0,red
0,0,0,0,3,2,1,0,0,red
60,41,9,19,52,31,26,3,2,peru
0,2,0,0,1,0,0,2,0,red
10,28,2,9,5,5,4,6,1,dodgerblue
11,10,2,4,2,5,5,5,0,red
1,2,0,1,0,0,1,0,0,red
1,2,1,2,0,0,0,1,0,red
1,2,0,1,0,0,1,1,0,red
0,2,0,0,1,0,0,1,0,red
16,20,2,11,5,4,10,5,1,dodgerblue
5,7,1,2,2,2,3,4,0,red
1,3,0,0,1,0,1,3,0,red
1,3,1,2,1,0,2,3,0,red
13,19,3,7,6,5,7,6,1,dodgerblue
0,2,0,0,0,0,1,1,0,red
6,18,1,10,4,6,5,6,1,dodgerblue
5,13,1,3,5,2,2,3,0,red
0,2,0,0,2,1,0,1,0,red
4,9,0,1,3,2,3,4,0,red
5,25,0,14,4,0,9,3,1,dodgerblue
0,1,0,0,0,0,1,0,0,red
0,2,0,0,0,0,0,0,0,red
2,3,1,1,1,1,0,0,0,red
0,3,0,0,0,0,0,1,0,red
8,9,4,5,3,3,8,0,0,red
13,35,5,9,5,1,5,4,1,dodgerblue
0,0,0,0,0,1,0,0,0,red
0,4,0,0,2,0,0,2,0,red
0,2,0,0,0,0,0,0,0,red
5,13,2,5,2,0,6,10,1,dodgerblue
4,10,2,3,2,0,4,4,0,red
1,3,0,0,1,0,1,1,0,red
25,25,5,16,10,8,10,2,1,dodgerblue
0,2,0,0,0,0,0,1,0,red
0,4,0,2,2,2,1,0,0,red
0,2,0,1,1,1,0,0,0,red
1,2,0,0,1,0,0,2,0,red
2,10,1,3,3,2,3,6,0,red
0,2,0,0,0,0,1,0,0,red
8,9,3,6,1,0,2,8,0,red
0,2,0,1,0,0,1,1,0,red
21,28,4,17,11,3,17,5,1,dodgerblue
0,2,0,0,0,0,1,1,0,red
6,9,2,3,1,4,3,4,0,red
0,2,0,0,0,0,0,1,0,red
4,6,1,1,0,1,0,1,0,red
2,4,0,0,0,0,0,4,0,red
4,6,3,4,1,2,5,6,0,red
12,17,4,7,4,6,6,15,1,dodgerblue
7,8,2,5,1,1,2,3,0,red
0,4,0,2,0,0,1,0,0,red
2,2,1,0,1,0,2,0,0,red
0,4,0,0,0,0,1,0,0,red
3,2,2,2,1,1,2,3,0,red
17,22,3,6,4,4,9,14,1,dodgerblue
0,2,0,0,0,0,1,1,0,red
3,6,0,2,1,3,1,1,0,red
2,7,0,3,0,0,2,0,0,red
6,12,2,5,3,1,5,4,0,red
0,0,0,0,1,0,0,0,0,red
0,2,0,1,0,0,0,0,0,red
21,35,5,18,8,8,20,13,1,dodgerblue
2,4,0,0,1,1,1,1,0,red
0,1,0,0,0,0,0,1,0,red
0,2,0,1,3,3,1,1,0,red
2,6,0,3,3,1,2,2,0,red
0,3,0,0,0,0,0,1,0,red
0,2,0,1,0,0,1,2,0,red
3,7,0,3,1,0,3,1,0,red
1,0,0,1,0,0,2,0,0,red
1,2,0,0,1,0,1,1,0,red
12,16,3,5,6,1,11,4,1,dodgerblue
2,5,0,1,3,1,3,1,0,red
2,1,0,0,0,1,0,1,0,red
0,2,0,1,0,0,1,0,0,red
1,8,0,5,1,0,1,1,0,red
17,21,8,10,5,2,12,12,1,dodgerblue
0,2,0,0,1,0,0,2,0,red
2,2,1,1,0,0,0,1,0,red
1,0,0,0,1,1,0,0,0,red
0,1,0,0,1,2,0,0,0,red
0,2,0,1,1,0,0,0,0,red
4,2,1,1,1,3,1,0,0,red
2,3,0,1,1,1,3,0,0,red
6,7,1,7,5,3,8,1,0,red
12,14,2,8,10,10,6,3,1,dodgerblue
0,2,0,1,1,0,3,4,0,red
0,1,0,1,1,1,0,0,0,red
0,2,0,1,1,0,2,1,0,red
3,6,2,4,3,1,0,1,0,red
23,28,8,22,6,7,12,8,1,dodgerblue
1,8,3,5,2,0,1,4,0,red
7,6,0,1,11,8,2,2,0,red
10,15,6,7,3,6,7,7,1,dodgerblue
1,2,0,0,1,0,1,1,0,red
1,2,0,1,0,0,1,0,0,red
1,3,0,1,0,0,2,1,0,red
41,40,11,18,15,9,13,2,1,dodgerblue
0,2,0,0,0,0,0,1,0,red
6,6,1,6,1,2,3,2,0,red
2,2,1,1,0,0,2,1,0,red
4,3,0,3,6,6,2,1,0,red
1,3,0,1,0,0,1,1,0,red
2,6,1,3,1,1,2,1,0,red
2,4,0,1,1,1,1,2,0,red
15,31,6,18,5,4,7,14,1,dodgerblue
0,5,1,1,2,0,0,3,0,red
1,9,0,1,0,1,3,3,0,red
6,9,2,6,1,1,3,5,0,red
1,2,0,2,1,1,1,2,0,red
1,2,0,1,0,0,0,1,0,red
0,2,0,0,1,0,0,2,0,red
15,19,6,10,1,2,6,14,1,dodgerblue
0,2,0,0,0,0,2,0,0,red
1,0,0,0,0,0,1,1,0,red
4,7,2,3,0,0,1,3,0,red
1,5,0,0,2,1,2,7,0,red
9,10,2,5,4,4,6,3,0,red
3,9,0,6,9,4,5,3,0,red
0,3,0,0,1,0,0,1,0,red
0,2,0,1,0,0,0,0,0,red
1,3,0,2,2,2,1,1,0,red
0,2,0,0,0,0,0,2,0,red
4,4,0,2,0,1,1,2,0,red
0,0,0,0,0,1,0,0,0,red
13,13,5,18,5,3,9,6,1,dodgerblue
8,13,3,7,5,6,6,8,1,dodgerblue
0,1,0,1,1,0,0,0,0,red
1,3,1,1,1,0,1,3,0,red
6,3,2,4,1,4,1,1,0,red
1,3,0,1,0,1,0,1,0,red
0,2,0,0,0,0,0,1,0,red
0,2,0,1,0,0,0,0,0,red
0,2,0,0,1,0,0,2,0,red
2,4,0,0,2,1,1,2,0,red
0,1,0,0,0,1,0,0,0,red
9,24,0,8,2,3,4,8,1,dodgerblue
1,2,0,1,0,0,1,1,0,red
1,2,0,1,1,1,2,0,0,red
0,0,0,0,2,1,0,0,0,red
0,2,0,2,0,0,0,0,0,red
7,13,1,4,3,2,3,4,0,red
5,4,1,4,2,3,2,0,0,red
11,13,5,4,7,4,6,16,1,dodgerblue
0,8,0,5,2,2,0,0,0,red
2,3,0,1,2,1,4,0,0,red
0,2,0,0,1,0,0,2,0,red
1,6,0,3,1,0,2,1,0,red
4,8,1,5,1,0,2,1,0,red
7,17,2,8,4,4,2,6,1,dodgerblue
9,4,2,4,2,4,2,1,0,red
1,4,0,0,1,2,1,4,0,red
1,1,0,1,5,3,1,0,0,red
3,1,1,2,2,0,1,0,0,red
1,6,0,2,5,4,0,2,0,red
0,2,0,0,1,0,0,2,0,red
0,2,0,0,0,0,0,0,0,red
0,3,0,1,0,0,0,0,0,red
0,3,0,0,0,0,0,0,0,red
0,1,0,0,0,0,0,1,0,red
6,8,4,4,2,0,6,11,1,dodgerblue
2,8,0,4,2,1,3,2,0,red
30,33,2,13,13,17,9,10,1,dodgerblue
0,2,0,1,0,0,0,1,0,red
1,1,1,1,1,0,0,2,0,red
5,9,1,5,2,2,2,5,0,red
12,24,1,15,1,3,7,3,1,dodgerblue
1,2,0,1,0,1,0,0,0,red
0,3,0,2,0,0,1,0,0,red
1,3,0,1,0,0,1,1,0,red
0,3,0,0,0,0,0,0,0,red
3,13,1,7,1,0,1,4,0,red
2,7,0,0,4,1,1,4,0,red
11,10,4,2,4,0,1,2,0,red
0,3,0,0,1,0,0,2,0,red
10,15,3,5,3,5,6,7,1,dodgerblue
0,2,0,0,1,0,0,2,0,red
3,5,1,2,1,0,1,4,0,red
6,3,3,2,2,2,2,1,0,red
0,3,0,1,1,0,0,2,0,red
2,4,0,0,1,1,0,3,0,red
1,2,0,0,1,0,0,1,0,red
1,3,0,2,0,0,1,0,0,red
0,2,0,0,1,0,0,1,0,red
8,11,2,6,3,0,5,8,0,red
0,5,0,2,0,0,1,1,0,red
6,13,3,4,1,2,3,9,0,red
2,2,0,2,1,1,2,0,0,red
12,22,1,6,6,5,9,4,1,dodgerblue
1,0,1,1,3,3,0,0,0,red
1,2,0,2,1,1,2,0,0,red
4,39,0,16,4,3,4,2,1,dodgerblue
1,3,0,0,1,0,2,2,0,red
1,14,0,5,1,1,1,4,0,red
2,6,2,3,3,1,2,6,0,red
3,6,0,2,2,2,1,3,0,red
0,2,0,1,0,0,0,0,0,red
0,3,0,0,1,0,0,1,0,red
36,47,16,25,14,12,19,24,2,peru
7,9,4,5,4,3,7,14,1,dodgerblue
0,3,0,0,0,0,0,1,0,red
3,3,0,2,0,0,1,1,0,red
1,0,1,1,2,1,1,2,0,red
4,8,2,2,2,1,0,9,0,red
4,6,1,1,0,3,1,6,0,red
4,4,1,4,0,2,3,2,0,red
2,9,0,3,4,3,1,2,0,red
0,2,0,0,0,0,0,0,0,red
0,2,0,2,1,0,1,2,0,red
3,7,1,3,2,2,2,3,0,red
13,22,5,8,0,1,9,17,1,dodgerblue
2,2,1,2,0,0,1,1,0,red
8,6,1,6,3,2,4,2,0,red
0,1,0,1,0,0,2,2,0,red
0,5,0,1,0,0,0,0,0,red
0,2,0,1,1,0,2,2,0,red
7,17,1,4,4,9,3,8,1,dodgerblue
1,3,1,2,1,0,2,2,0,red
5,8,4,5,1,2,3,9,0,red
0,4,0,1,0,0,0,0,0,red
8,10,3,5,2,2,5,8,1,dodgerblue
0,4,0,0,1,0,0,2,0,red
1,4,0,2,0,1,0,0,0,red
1,5,1,5,1,0,5,0,0,red
5,7,1,5,2,0,5,2,0,red
7,9,2,3,3,3,5,10,1,dodgerblue
1,6,0,2,0,2,2,5,0,red
1,5,0,3,1,1,1,0,0,red
1,2,0,0,2,0,0,1,0,red
1,3,0,0,4,0,2,0,0,red
1,1,1,1,2,1,1,2,0,red
0,2,0,0,1,1,1,0,0,red
7,16,2,7,2,2,9,13,1,dodgerblue
35,29,10,22,8,12,7,6,1,dodgerblue
6,16,0,6,1,1,7,2,0,red
9,22,3,13,3,6,4,9,1,dodgerblue
23,16,5,18,9,11,10,1,1,dodgerblue
17,21,5,12,9,9,9,5,1,dodgerblue
6,13,3,7,3,2,7,7,1,dodgerblue
0,3,0,1,0,0,0,0,0,red
2,4,1,6,3,1,1,0,0,red
1,2,0,0,0,0,1,2,0,red
4,9,0,2,1,0,1,5,0,red
0,1,0,1,1,0,2,3,0,red
5,4,1,2,5,5,8,8,1,dodgerblue
4,7,3,4,1,2,6,8,0,red
2,6,1,3,1,0,3,5,0,red
8,10,4,5,3,2,5,5,0,red
0,2,0,0,1,2,0,3,0,red
1,2,0,3,1,1,1,0,0,red
32,35,9,14,6,6,13,19,1,dodgerblue
0,2,0,0,1,0,0,2,0,red
4,5,0,3,0,1,4,0,0,red
6,12,1,6,1,1,3,6,0,red
0,2,0,0,1,0,0,1,0,red
4,18,4,7,2,4,2,4,0,red
3,11,1,6,1,0,2,2,0,red
0,3,0,1,0,0,0,1,0,red
4,10,1,1,5,2,2,4,0,red
0,3,0,0,2,1,1,2,0,red
0,2,0,0,1,0,0,2,0,red
1,7,0,3,0,0,3,1,0,red
16,24,3,8,4,3,16,24,1,dodgerblue
2,1,0,3,0,0,0,0,0,red
35,31,15,18,6,7,15,21,1,dodgerblue
1,2,0,0,0,0,1,2,0,red
1,4,0,2,2,1,0,2,0,red
0,3,0,2,0,0,0,0,0,red
3,3,2,2,4,0,2,1,0,red
1,0,0,2,2,1,2,1,0,red
10,9,5,3,4,4,4,5,1,dodgerblue
4,6,0,1,3,3,4,1,0,red
0,2,0,0,1,1,0,2,0,red
1,4,0,0,1,0,0,2,0,red
5,13,0,3,3,5,9,9,1,dodgerblue
1,6,0,0,2,0,1,4,0,red
9,15,2,8,5,4,5,4,1,dodgerblue
0,2,0,0,0,0,0,1,0,red
1,3,0,0,1,0,0,2,0,red
5,9,1,1,3,1,0,7,0,red
0,2,0,0,1,0,0,2,0,red
11,18,0,5,9,9,6,4,1,dodgerblue
25,23,2,14,13,26,11,6,1,dodgerblue
1,4,1,1,0,0,1,3,0,red
37,30,11,16,16,23,18,6,2,peru
2,7,0,1,3,0,4,3,0,red
4,6,1,3,2,4,1,1,0,red
2,4,0,1,1,2,0,2,0,red
6,11,2,6,1,2,6,2,0,red
2,5,0,2,1,1,1,3,0,red
23,12,2,5,16,11,7,7,1,dodgerblue
1,3,0,0,1,1,0,2,0,red
2,4,0,0,3,0,0,2,0,red
0,0,0,0,1,3,0,0,0,red
17,32,2,10,5,6,6,11,1,dodgerblue
6,11,2,4,2,1,1,8,0,red
2,1,1,0,0,0,0,0,0,red
1,2,0,2,0,0,1,0,0,red
7,7,7,4,2,1,3,1,0,red
2,4,1,1,2,0,1,4,0,red
0,3,0,0,1,0,0,2,0,red
0,3,0,1,1,0,0,2,0,red
6,14,2,6,1,2,1,2,0,red
12,22,1,6,2,1,3,8,1,dodgerblue
9,9,2,6,6,2,5,1,0,red
0,2,0,0,2,1,0,1,0,red
3,10,1,3,0,2,1,3,0,red
2,3,1,2,0,0,0,2,0,red
14,9,4,4,9,13,5,5,1,dodgerblue
7,10,0,4,2,2,2,1,0,red
2,4,1,2,1,1,1,2,0,red
0,3,0,1,1,0,1,3,0,red
1,1,0,1,0,0,0,0,0,red
3,5,1,1,0,1,1,6,0,red
1,5,1,1,1,0,0,4,0,red
1,2,0,1,0,0,1,1,0,red
3,16,1,6,3,3,2,4,0,red
0,4,0,3,0,0,0,1,0,red
1,9,0,4,0,0,1,0,0,red
0,2,0,0,0,0,1,0,0,red
21,14,4,6,5,4,7,10,1,dodgerblue
0,2,0,0,1,0,0,2,0,red
2,6,0,4,4,0,1,1,0,red
9,9,2,4,2,5,4,6,0,red
1,3,0,1,0,0,1,3,0,red
3,10,1,1,1,3,7,1,0,red
0,2,0,0,1,0,0,2,0,red
0,0,0,1,0,0,1,1,0,red
1,5,1,1,0,0,0,2,0,red
9,17,2,7,4,4,4,4,1,dodgerblue
5,9,2,2,1,4,3,5,0,red
11,20,1,9,6,5,8,7,1,dodgerblue
0,1,0,0,1,0,2,0,0,red
13,16,4,9,7,8,6,9,1,dodgerblue
2,2,1,1,2,1,1,1,0,red
1,2,1,2,0,0,1,1,0,red
5,2,0,1,0,6,0,2,0,red
0,6,0,1,1,0,2,3,0,red
0,2,0,0,0,0,1,0,0,red
9,4,3,4,1,2,3,1,0,red
2,2,0,1,0,0,0,1,0,red
2,4,0,3,2,3,7,1,0,red
2,3,0,1,2,0,1,1,0,red
1,5,0,1,2,2,1,1,0,red
3,6,1,1,2,1,1,1,0,red
6,11,1,5,4,2,4,2,0,red
1,4,1,1,1,0,0,3,0,red
0,2,0,0,1,0,0,2,0,red
1,2,0,0,0,0,0,2,0,red
0,2,0,0,1,0,0,2,0,red
1,1,1,0,0,1,0,1,0,red
2,6,1,2,0,1,0,1,0,red
4,4,0,2,1,2,2,1,0,red
2,0,0,0,2,2,0,0,0,red
1,2,0,0,0,0,0,2,0,red
0,3,0,0,2,0,0,1,0,red
1,4,0,1,0,1,0,0,0,red
0,2,0,0,1,0,0,2,0,red
0,3,0,1,0,0,0,1,0,red
2,10,0,5,3,1,3,2,0,red
0,2,0,1,0,0,0,0,0,red
0,3,0,1,0,0,0,1,0,red
0,3,0,1,0,0,0,1,0,red
6,18,1,8,4,3,8,8,1,dodgerblue
0,2,0,0,1,0,1,2,0,red
3,7,1,3,2,2,1,3,0,red
2,2,0,0,1,1,0,2,0,red
0,2,1,0,0,1,0,2,0,red
12,25,3,11,5,2,8,5,1,dodgerblue
6,11,3,5,2,1,5,8,0,red
2,2,0,1,2,0,1,0,0,red
5,8,0,6,1,0,4,1,0,red
2,1,2,3,0,0,1,0,0,red
12,20,3,7,4,6,5,7,1,dodgerblue
0,3,0,1,1,1,1,1,0,red
1,2,1,1,1,1,1,1,0,red
0,2,0,0,1,0,0,2,0,red
4,10,0,2,2,2,1,4,0,red
6,11,2,2,2,3,1,5,0,red
3,7,0,1,1,1,2,2,0,red
12,19,5,7,4,7,9,15,1,dodgerblue
5,5,1,4,1,1,5,4,0,red
2,10,1,5,4,5,2,4,0,red
1,8,0,5,2,0,1,1,0,red
6,8,4,3,4,0,1,3,0,red
0,2,0,0,0,0,0,0,0,red
1,1,0,0,2,0,0,0,0,red
4,15,0,7,3,0,9,8,1,dodgerblue
31,35,4,18,7,16,20,13,1,dodgerblue
0,3,0,0,1,0,0,1,0,red
7,14,3,3,2,2,2,9,0,red
2,8,0,3,1,2,2,0,0,red
0,3,0,0,1,0,2,1,0,red
0,2,0,2,0,0,0,0,0,red
7,12,0,7,2,3,5,3,0,red
0,5,0,1,0,0,0,0,0,red
0,2,0,0,0,0,0,1,0,red
4,12,2,4,2,4,2,7,0,red
3,6,0,1,1,1,0,3,0,red
0,2,0,0,0,0,0,0,0,red
1,3,0,0,1,0,0,3,0,red
0,2,0,0,2,0,0,3,0,red
2,3,0,1,1,2,0,2,0,red
0,5,0,1,0,0,0,1,0,red
1,5,0,1,1,0,2,2,0,red
3,5,1,4,0,3,2,1,0,red
2,6,1,2,1,1,2,4,0,red
7,13,2,4,9,5,5,12,1,dodgerblue
1,3,1,1,0,0,0,1,0,red
6,11,2,6,2,2,6,7,0,red
1,1,1,0,1,2,0,2,0,red
6,9,3,5,2,3,2,5,0,red
0,5,0,2,2,1,1,1,0,red
2,4,0,1,1,0,0,1,0,red
0,3,0,0,0,0,2,0,0,red
1,2,0,0,1,0,0,2,0,red
0,1,0,0,1,0,0,1,0,red
8,9,0,4,3,2,7,3,0,red
7,13,2,6,1,5,4,5,0,red
2,0,0,0,3,0,1,0,0,red
14,13,6,8,3,5,8,7,1,dodgerblue
3,2,0,2,0,2,1,1,0,red
29,40,6,19,6,10,6,8,1,dodgerblue
0,2,0,0,1,0,0,2,0,red
1,2,0,0,1,0,0,2,0,red
3,12,0,6,2,1,4,2,0,red
4,6,1,0,4,1,4,3,0,red
2,1,0,1,0,0,1,0,0,red
0,3,0,0,1,0,0,2,0,red
0,2,0,0,0,0,0,0,0,red
2,5,0,0,1,1,0,3,0,red
2,5,0,0,1,0,0,4,0,red
0,2,0,0,1,1,0,1,0,red
6,5,3,3,1,3,1,3,0,red
0,2,0,0,1,0,0,2,0,red
0,3,0,0,1,0,0,2,0,red
9,5,3,4,2,5,1,3,0,red
4,3,0,2,1,5,2,3,0,red
0,3,0,1,1,0,0,1,0,red
5,14,0,4,4,4,4,5,0,red
5,12,1,5,2,2,3,4,0,red
1,2,0,0,2,0,1,1,0,red
11,18,3,5,5,3,7,14,1,dodgerblue
2,1,1,0,0,1,1,2,0,red
1,1,1,0,2,1,1,1,0,red
5,11,0,4,0,1,1,4,0,red
1,3,0,0,1,0,0,2,0,red
4,6,0,2,1,0,1,1,0,red
0,2,0,1,1,0,0,1,0,red
0,2,1,1,0,0,0,0,0,red
2,4,1,1,1,0,1,4,0,red
2,4,0,0,0,0,0,4,0,red
20,29,4,12,9,6,7,3,1,dodgerblue
4,6,0,2,1,0,0,1,0,red
0,3,0,2,0,0,0,0,0,red
0,8,0,4,0,0,2,0,0,red
0,2,0,0,1,0,0,1,0,red
0,2,0,0,1,0,0,2,0,red
0,2,0,2,0,1,0,0,0,red
5,9,1,2,1,3,1,4,0,red
2,3,1,2,5,2,3,3,0,red
28,39,1,20,6,3,17,2,1,dodgerblue
3,6,0,4,2,1,1,0,0,red
0,2,0,0,1,0,1,1,0,red
57,68,11,58,19,13,21,0,2,peru
5,10,1,3,4,2,1,4,0,red
8,16,2,2,2,5,2,11,1,dodgerblue
0,2,0,0,1,0,0,2,0,red
4,9,3,3,4,0,4,3,0,red
1,1,0,0,1,8,0,0,0,red
1,2,0,1,1,0,1,2,0,red
12,18,2,5,2,5,6,10,1,dodgerblue
28,33,4,20,10,16,17,11,1,dodgerblue
0,2,0,0,1,0,0,2,0,red
8,10,2,6,2,4,4,1,0,red
0,2,0,0,0,0,0,0,0,red
1,3,0,0,1,0,1,0,0,red
9,7,4,4,0,6,3,7,1,dodgerblue
3,1,2,4,1,1,1,1,0,red
4,4,1,2,1,1,1,2,0,red
10,9,3,3,1,2,3,2,0,red
1,4,1,1,1,2,0,2,0,red
0,1,1,1,1,0,0,1,0,red
9,9,6,9,3,3,5,7,1,dodgerblue
2,5,0,2,0,1,1,1,0,red
5,6,4,3,1,1,0,8,0,red
0,2,0,0,0,1,0,2,0,red
19,15,10,10,1,2,0,2,1,dodgerblue
26,47,2,19,5,10,9,13,1,dodgerblue
1,2,0,1,1,0,1,2,0,red
0,2,0,0,1,0,0,1,0,red
0,5,0,1,0,0,2,2,0,red
4,7,0,1,0,1,2,5,0,red
0,2,0,0,1,0,0,2,0,red
1,0,0,0,2,1,0,0,0,red
18,12,4,7,9,17,4,3,1,dodgerblue
5,8,0,5,1,2,1,2,0,red
0,3,0,1,0,0,1,0,0,red
4,4,1,2,0,2,0,1,0,red
2,8,2,2,1,1,1,8,0,red
2,0,2,2,1,1,2,0,0,red
12,25,2,5,2,3,2,10,1,dodgerblue
0,2,0,0,0,0,0,1,0,red
1,5,2,2,1,0,2,4,0,red
4,6,0,0,1,3,1,4,0,red
1,4,0,0,1,0,0,2,0,red
1,0,0,0,2,2,0,0,0,red
2,4,1,1,0,1,1,3,0,red
2,3,1,1,2,1,1,2,0,red
13,5,4,10,2,3,6,0,0,red
1,2,1,2,0,0,0,1,0,red
0,2,0,0,1,0,0,2,0,red
0,2,0,0,1,0,0,2,0,red
3,4,1,1,1,2,1,0,0,red
2,3,0,2,1,1,1,1,0,red
1,3,0,0,3,0,1,4,0,red
26,10,10,8,7,3,2,1,1,dodgerblue
0,2,0,0,0,1,0,2,0,red
1,0,0,0,1,1,1,1,0,red
1,5,0,0,1,0,0,2,0,red
1,1,0,0,1,1,0,1,0,red
1,1,1,0,2,0,0,2,0,red
1,2,0,0,0,0,1,2,0,red
0,2,0,0,0,0,0,2,0,red
0,2,0,0,1,0,0,1,0,red
0,2,0,0,1,0,0,2,0,red
4,6,1,5,1,0,2,2,0,red
0,4,0,1,1,0,3,5,0,red
1,3,0,1,1,0,2,3,0,red
5,20,3,9,1,2,7,8,1,dodgerblue
0,2,0,0,0,0,0,1,0,red
0,2,0,0,1,0,0,1,0,red
2,4,1,1,1,0,3,2,0,red
2,3,1,1,0,1,1,2,0,red
1,3,1,2,0,0,2,1,0,red
0,3,0,0,0,0,0,0,0,red
0,2,0,1,0,0,0,1,0,red
27,47,1,18,10,7,7,2,1,dodgerblue
7,13,3,5,2,8,5,5,1,dodgerblue
0,2,0,1,0,0,0,0,0,red
1,1,0,0,1,1,0,1,0,red
3,1,1,2,1,3,1,2,0,red
2,5,1,1,0,1,1,1,0,red
10,7,5,5,3,3,2,3,0,red
1,2,0,1,0,1,0,1,0,red
2,5,0,1,1,1,1,1,0,red
5,9,1,3,2,1,3,3,0,red
18,15,6,11,2,4,6,11,1,dodgerblue
7,14,0,6,2,0,4,3,0,red
6,9,1,2,0,1,2,7,0,red
1,6,1,1,0,2,3,5,0,red
1,1,1,1,2,1,1,2,0,red
7,14,0,10,6,4,8,0,0,red
6,6,1,2,1,2,1,6,0,red
0,3,0,0,0,0,0,1,0,red
0,2,0,0,1,0,0,2,0,red
0,3,0,0,0,0,0,0,0,red
2,5,0,1,1,1,3,6,0,red
1,7,0,2,3,1,1,2,0,red
3,14,3,3,3,1,5,6,0,red
7,14,1,3,1,3,2,11,0,red
0,2,0,0,1,0,0,2,0,red
6,9,3,3,0,2,4,9,0,red
1,6,1,2,2,0,0,1,0,red
5,2,2,1,0,3,3,0,0,red
2,4,1,0,1,3,1,1,0,red
3,7,0,1,2,1,1,3,0,red
4,6,0,4,0,2,1,1,0,red
34,22,10,20,5,10,5,1,1,dodgerblue
2,9,1,3,2,3,2,4,0,red
0,2,0,0,1,0,0,2,0,red
0,9,0,5,2,2,0,3,0,red
3,4,2,0,1,1,0,4,0,red
0,0,0,0,2,2,1,0,0,red
2,2,0,2,1,0,2,1,0,red
2,4,1,3,0,0,1,1,0,red
33,40,8,17,8,8,13,9,1,dodgerblue
0,5,0,0,1,1,0,4,0,red
1,3,0,0,1,0,0,3,0,red
2,4,0,1,1,2,1,3,0,red
1,2,1,1,1,0,0,2,0,red
13,19,4,5,5,5,7,4,1,dodgerblue
4,5,2,1,0,1,0,6,0,red
2,2,1,1,0,1,0,2,0,red
1,2,0,0,1,1,0,2,0,red
0,2,0,2,0,0,0,0,0,red
5,7,0,2,3,1,3,2,0,red
2,5,0,0,1,1,0,2,0,red
2,10,1,2,0,0,1,5,0,red
2,5,1,3,2,0,2,2,0,red
0,2,1,1,1,0,1,2,0,red
18,18,5,4,17,8,5,2,1,dodgerblue
5,2,0,0,5,8,2,0,0,red
8,18,1,10,2,6,3,6,1,dodgerblue
5,8,1,5,1,3,2,5,0,red
0,4,0,1,0,1,0,1,0,red
1,4,0,2,1,0,2,4,0,red
1,3,0,0,0,1,0,3,0,red
3,7,1,1,1,1,0,6,0,red
9,19,2,7,2,3,7,10,1,dodgerblue
1,5,0,1,2,0,2,1,0,red
3,5,0,2,0,0,1,0,0,red
3,1,1,1,0,4,0,1,0,red
3,2,1,3,0,1,0,1,0,red
11,10,1,2,3,2,3,8,0,red
15,23,1,11,5,7,4,5,1,dodgerblue
1,1,1,0,2,0,0,1,0,red
2,5,1,3,1,1,3,2,0,red
24,21,7,11,5,9,8,13,1,dodgerblue
2,2,0,0,1,0,1,1,0,red
41,42,12,18,6,12,15,20,1,dodgerblue
6,13,1,10,1,0,5,1,0,red
1,2,0,0,0,0,1,0,0,red
15,21,4,9,2,5,4,7,1,dodgerblue
22,25,6,13,4,4,7,13,1,dodgerblue
0,4,0,0,0,0,0,0,0,red
1,5,1,3,0,0,2,3,0,red
1,1,0,0,4,1,1,0,0,red
5,4,1,2,1,2,0,3,0,red
0,2,0,0,1,0,0,2,0,red
17,16,3,9,7,7,4,3,1,dodgerblue
0,1,1,0,1,0,0,0,0,red
6,4,0,1,10,4,6,7,0,red
0,2,0,0,0,0,0,1,0,red
0,7,0,1,1,1,0,3,0,red
5,11,2,3,3,3,0,7,0,red
0,2,0,0,1,0,0,2,0,red
9,8,1,6,2,1,5,2,0,red
3,5,1,2,2,0,2,3,0,red
10,9,3,6,4,5,3,6,1,dodgerblue
0,5,0,0,1,0,2,2,0,red
9,8,3,5,3,3,5,11,1,dodgerblue
1,2,0,0,1,0,0,2,0,red
0,3,0,2,0,0,0,0,0,red
4,6,0,2,3,1,4,4,0,red
3,5,1,2,1,2,1,4,0,red
1,3,2,2,1,0,1,3,0,red
46,52,6,17,12,12,15,20,1,dodgerblue
1,6,0,5,0,0,1,0,0,red
2,2,0,0,1,3,0,3,0,red
3,6,1,1,1,0,1,6,0,red
0,3,0,0,1,0,0,2,0,red
4,6,0,3,0,2,3,1,0,red
2,4,0,1,1,0,1,1,0,red
2,5,0,2,0,1,3,1,0,red
0,2,0,0,1,0,0,2,0,red
1,1,0,0,1,0,0,1,0,red
7,8,0,6,1,2,6,3,0,red
2,2,0,0,1,2,0,1,0,red
1,2,0,0,1,0,0,1,0,red
3,7,3,3,1,1,2,7,0,red
5,8,3,3,3,2,3,5,0,red
15,20,0,13,4,4,2,3,1,dodgerblue
5,13,1,6,1,2,4,4,0,red
0,3,0,0,1,0,0,2,0,red
2,5,0,1,0,1,0,4,0,red
2,3,1,2,2,1,0,2,0,red
1,2,0,1,1,0,1,2,0,red
2,3,0,2,1,2,2,0,0,red
0,1,1,0,1,0,0,2,0,red
2,5,2,2,1,0,3,7,0,red
5,10,1,3,1,0,1,4,0,red
0,2,0,0,1,0,0,2,0,red
1,0,2,0,0,0,0,0,0,red
2,4,2,1,0,0,0,2,0,red
2,5,0,1,1,0,3,1,0,red
32,27,4,17,12,18,7,11,1,dodgerblue
2,7,0,1,2,1,1,2,0,red
6,10,1,4,5,4,5,9,1,dodgerblue
4,8,0,3,1,1,2,2,0,red
3,5,1,1,1,2,1,4,0,red
1,1,0,0,1,0,0,2,0,red
5,13,1,7,2,2,2,3,0,red
9,17,5,8,1,2,8,16,1,dodgerblue
3,8,3,3,1,0,4,9,0,red
2,2,2,2,0,0,0,2,0,red
16,24,1,11,6,10,10,8,1,dodgerblue
4,5,1,1,1,0,1,4,0,red
5,6,2,4,4,3,4,4,0,red
0,2,0,0,1,0,0,1,0,red
7,12,1,1,3,4,4,11,1,dodgerblue
2,5,0,2,1,2,0,2,0,red
8,16,3,8,2,0,9,9,1,dodgerblue
0,2,0,0,1,0,0,2,0,red
35,29,10,18,12,16,10,3,1,dodgerblue
0,2,0,0,0,0,0,2,0,red
0,5,0,3,1,0,0,2,0,red
0,4,0,2,0,0,0,0,0,red
21,23,4,6,7,8,7,15,1,dodgerblue
0,2,0,0,1,0,0,1,0,red
0,8,0,2,1,1,2,4,0,red
2,2,0,1,1,3,0,0,0,red
1,3,0,1,1,0,1,2,0,red
1,8,0,1,2,0,1,1,0,red
0,2,0,1,1,0,1,2,0,red
0,4,0,2,1,1,1,1,0,red
1,3,1,3,0,0,0,1,0,red
9,14,3,4,3,6,3,7,1,dodgerblue
10,12,2,8,2,2,8,2,0,red
0,2,0,0,1,0,0,1,0,red
3,1,4,1,1,3,0,2,0,red
1,1,0,1,1,1,0,1,0,red
1,1,0,1,0,1,1,1,0,red
0,4,0,1,0,0,0,1,0,red
9,9,2,6,1,1,3,0,0,red
0,2,0,0,1,0,0,2,0,red
5,6,2,2,1,2,1,4,0,red
3,7,1,2,1,2,2,2,0,red
2,4,2,1,1,1,0,3,0,red
1,4,1,1,1,0,0,3,0,red
20,28,6,11,11,6,5,7,1,dodgerblue
3,6,0,5,0,0,1,0,0,red
5,10,1,2,1,1,1,4,0,red
0,2,0,0,1,0,0,2,0,red
1,4,0,0,1,2,0,3,0,red
2,7,0,1,4,1,2,2,0,red
1,2,0,1,0,2,0,0,0,red
0,2,0,0,1,0,0,1,0,red
2,3,0,3,0,1,3,1,0,red
28,27,6,10,5,9,8,7,1,dodgerblue
42,41,4,21,28,27,18,5,2,peru
1,2,0,0,0,0,0,2,0,red
2,1,0,1,1,1,1,0,0,red
0,2,0,0,1,0,0,2,0,red
4,5,1,2,1,2,2,4,0,red
8,13,1,6,0,4,4,11,1,dodgerblue
1,5,0,1,1,0,0,0,0,red
2,6,0,3,2,3,3,2,0,red
50,24,11,29,7,8,12,3,1,dodgerblue
3,10,3,4,1,0,4,11,0,red
0,2,0,1,1,0,0,1,0,red
0,2,0,1,1,0,0,1,0,red
0,2,1,1,0,0,1,2,0,red
2,6,0,4,2,1,3,1,0,red
0,2,0,1,0,0,0,0,0,red
1,4,1,2,1,0,0,3,0,red
0,2,0,0,1,0,0,2,0,red
2,2,0,1,0,0,2,1,0,red
0,4,0,1,1,0,0,2,0,red
0,3,0,0,1,0,0,1,0,red
3,4,0,0,0,1,2,4,0,red
1,2,0,1,0,0,0,1,0,red
3,7,1,2,2,2,1,5,0,red
1,6,1,3,1,1,2,4,0,red
7,14,2,3,4,2,6,16,1,dodgerblue
3,2,0,3,0,2,0,1,0,red
4,3,1,0,0,3,1,2,0,red
1,5,0,2,0,1,0,1,0,red
1,2,0,1,1,1,1,0,0,red
4,12,1,5,1,4,3,9,0,red
2,4,1,0,1,1,0,6,0,red
1,2,0,0,0,0,2,2,0,red
2,5,0,2,3,1,1,0,0,red
1,2,0,0,0,1,1,2,0,red
1,3,0,0,1,1,0,2,0,red
0,2,0,0,0,0,1,1,0,red
0,2,0,0,1,0,0,2,0,red
8,16,2,9,3,6,9,7,1,dodgerblue
1,4,0,0,1,1,0,3,0,red
4,6,0,1,1,0,4,1,0,red
3,6,0,2,2,1,1,1,0,red
154,94,65,80,40,12,46,12,2,peru
0,3,0,1,1,0,1,1,0,red
3,8,0,3,1,1,4,3,0,red
0,2,0,0,1,0,0,2,0,red
1,1,0,0,1,1,0,1,0,red
1,1,1,1,2,1,1,2,0,red
0,0,0,0,1,1,0,0,0,red
2,4,0,2,2,2,1,0,0,red
0,2,0,1,1,0,0,1,0,red
0,3,0,0,0,0,1,1,0,red
8,13,3,7,4,7,3,8,1,dodgerblue
2,2,1,0,0,0,0,2,0,red
3,3,1,2,0,3,0,1,0,red
7,12,2,2,1,2,3,13,1,dodgerblue
0,1,0,0,0,0,1,0,0,red
1,3,0,1,0,0,1,3,0,red
3,6,1,0,7,6,1,2,0,red
6,5,3,4,2,1,3,4,0,red
0,2,0,1,1,0,0,1,0,red
1,0,1,0,0,1,0,0,0,red
1,1,1,0,2,0,1,1,0,red
0,2,0,0,1,0,0,2,0,red
9,15,1,4,6,8,7,17,1,dodgerblue
0,2,1,1,1,0,1,3,0,red
4,11,3,7,0,2,1,6,0,red
0,2,0,0,1,0,0,2,0,red
2,8,1,5,0,0,0,3,0,red
0,2,0,0,1,0,0,1,0,red
1,4,0,0,1,0,1,4,0,red
0,2,0,0,1,0,0,2,0,red
0,2,0,0,1,0,0,2,0,red
0,2,0,1,1,0,0,1,0,red
4,1,0,2,3,4,1,0,0,red
0,3,0,1,1,0,0,2,0,red
4,9,0,2,2,1,2,6,0,red
0,2,0,0,1,0,0,2,0,red
4,5,1,5,2,0,3,1,0,red
0,1,0,2,0,0,1,1,0,red
15,18,4,12,5,3,7,5,1,dodgerblue
8,13,4,6,1,5,4,11,1,dodgerblue
1,4,0,1,1,1,2,6,0,red
1,3,1,2,1,0,2,2,0,red
1,2,0,2,0,0,1,0,0,red
1,3,0,2,1,0,2,4,0,red
0,2,0,0,1,0,0,1,0,red
1,1,0,2,0,0,0,0,0,red
5,8,1,4,1,3,2,2,0,red
3,6,1,1,1,1,1,6,0,red
5,11,1,6,1,0,10,0,0,red
1,4,0,1,1,1,0,2,0,red
19,16,5,5,16,9,3,4,1,dodgerblue
23,6,6,11,7,11,8,2,1,dodgerblue
1,3,0,0,1,0,1,1,0,red
5,6,3,3,0,1,2,6,0,red
1,6,1,2,1,1,0,4,0,red
0,3,0,0,1,0,0,2,0,red
0,2,0,0,1,0,0,1,0,red
5,11,3,6,1,0,2,4,0,red
0,2,0,0,1,0,0,2,0,red
1,1,1,0,1,0,0,2,0,red
2,3,2,3,1,1,1,3,0,red
1,3,1,1,1,0,2,1,0,red
2,5,0,1,1,1,1,4,0,red
4,8,1,1,2,2,2,8,0,red
4,10,1,5,0,2,4,8,0,red
2,2,1,0,1,0,0,0,0,red
4,3,1,3,0,1,2,1,0,red
5,9,1,2,1,4,2,8,0,red
3,6,1,3,1,3,0,3,0,red
0,4,0,2,1,0,0,2,0,red
5,7,1,3,0,1,3,5,0,red
6,14,1,2,2,3,5,13,1,dodgerblue
3,8,3,3,3,1,0,5,0,red
2,3,0,1,0,2,1,1,0,red
5,8,1,2,1,2,1,6,0,red
1,1,0,0,1,2,0,1,0,red
0,2,0,0,0,1,0,2,0,red
2,3,0,1,0,1,1,3,0,red
2,3,1,1,1,1,1,3,0,red
0,2,0,0,1,0,0,1,0,red
1,2,0,0,1,0,0,2,0,red
1,2,0,0,0,1,0,1,0,red
0,2,0,0,1,0,0,2,0,red
11,5,16,17,3,1,3,0,1,dodgerblue
17,12,0,9,5,4,3,3,1,dodgerblue
2,5,2,3,1,0,1,3,0,red
4,1,2,3,0,1,0,1,0,red
3,4,2,2,1,0,1,6,0,red
5,6,1,0,1,2,0,5,0,red
4,6,2,3,2,1,2,9,0,red
25,33,6,22,6,11,8,11,1,dodgerblue
2,5,1,1,0,0,1,3,0,red
0,0,0,0,0,0,0,0,0,red
4,8,2,4,0,0,2,2,0,red
1,2,1,1,1,0,0,2,0,red
10,18,4,7,1,2,6,9,1,dodgerblue
0,2,0,1,1,0,0,1,0,red
1,3,1,1,0,0,0,3,0,red
9,7,2,2,1,1,7,6,0,red
0,4,0,1,1,1,0,3,0,red
2,4,1,1,1,1,1,0,0,red
1,3,1,1,1,0,0,3,0,red
0,4,0,0,1,0,1,2,0,red
4,5,1,3,0,0,1,4,0,red
3,3,1,2,1,2,0,2,0,red
1,2,1,3,2,0,2,3,0,red
1,1,0,1,1,1,0,1,0,red
3,6,1,3,1,3,1,2,0,red
0,2,0,0,1,0,0,1,0,red
8,14,3,7,3,4,5,10,1,dodgerblue
17,30,3,13,6,7,5,4,1,dodgerblue
3,4,0,2,0,1,1,1,0,red
9,11,5,4,2,1,4,12,1,dodgerblue
2,5,1,3,0,0,4,3,0,red
4,5,1,2,2,2,2,0,0,red
5,8,0,3,1,1,0,3,0,red
4,6,1,1,2,1,2,5,0,red
3,8,2,2,2,1,4,9,0,red
2,3,1,1,1,0,0,3,0,red
12,18,2,9,3,5,8,14,1,dodgerblue
10,8,0,6,10,9,8,0,1,dodgerblue
5,1,3,4,1,2,2,1,0,red
1,4,0,1,1,0,2,1,0,red
1,2,0,0,1,0,1,2,0,red
7,7,2,2,1,1,3,4,0,red
10,15,6,8,5,4,2,11,1,dodgerblue
4,10,2,5,2,1,7,7,0,red
2,4,0,3,1,1,2,1,0,red
9,9,2,7,0,4,2,3,0,red
0,2,0,0,0,0,1,0,0,red
0,2,0,0,1,0,0,1,0,red
9,16,2,7,5,3,5,9,1,dodgerblue
8,10,1,3,3,4,7,6,0,red
2,5,1,1,1,1,1,4,0,red
0,2,0,0,0,0,0,1,0,red
1,0,0,0,0,2,1,2,0,red
17,15,7,6,4,4,6,9,1,dodgerblue
0,2,0,2,0,0,2,1,0,red
0,2,0,0,1,0,0,2,0,red
13,17,4,9,4,5,5,6,1,dodgerblue
2,11,0,5,1,0,1,2,0,red
0,1,0,0,1,0,1,1,0,red
10,16,6,8,2,1,4,6,1,dodgerblue
0,2,0,1,1,0,0,1,0,red
0,2,0,0,1,0,0,2,0,red
4,6,1,3,1,1,1,4,0,red
6,12,2,2,0,0,2,12,0,red
21,39,10,10,6,7,14,30,1,dodgerblue
4,7,1,2,0,0,1,6,0,red
3,6,0,5,0,1,1,0,0,red
2,4,0,2,0,1,1,1,0,red
2,3,1,2,1,1,1,0,0,red
5,13,2,3,3,2,6,9,1,dodgerblue
1,3,0,0,1,0,0,3,0,red
0,2,0,0,1,0,0,2,0,red
2,2,1,3,2,0,0,0,0,red
0,2,0,1,0,1,0,0,0,red
3,6,1,2,1,1,1,7,0,red
18,16,9,11,4,2,6,8,1,dodgerblue
0,3,0,2,0,1,1,1,0,red
10,14,3,6,2,3,7,11,1,dodgerblue
1,0,0,0,0,1,0,0,0,red
9,10,2,5,0,2,2,7,0,red
49,37,11,14,10,9,11,5,1,dodgerblue
8,11,1,4,2,2,3,1,0,red
10,12,7,7,3,4,6,14,1,dodgerblue
2,0,1,2,1,0,1,0,0,red
2,5,0,3,1,2,1,1,0,red
0,2,0,2,0,0,0,0,0,red
4,10,1,3,1,1,1,7,0,red
5,5,1,4,2,2,4,4,0,red
13,17,5,9,2,7,4,10,1,dodgerblue
2,9,1,3,0,1,3,6,0,red
3,6,0,1,0,2,2,4,0,red
1,2,1,1,0,0,0,2,0,red
1,1,1,0,0,0,0,1,0,red
9,16,2,7,3,3,5,7,1,dodgerblue
1,1,0,0,1,2,0,0,0,red
1,2,0,0,1,1,0,2,0,red
2,3,1,2,1,0,0,3,0,red
1,3,1,1,1,0,0,3,0,red
0,2,2,0,2,0,2,3,0,red
1,1,0,0,1,0,0,1,0,red
19,17,3,15,6,6,6,6,1,dodgerblue
4,7,1,4,4,4,3,3,0,red
0,2,0,0,0,0,0,1,0,red
73,48,31,31,33,27,22,11,2,peru
2,0,0,1,1,1,0,0,0,red
0,1,0,0,1,0,0,1,0,red
0,2,0,0,1,0,0,1,0,red
1,1,0,0,1,1,0,1,0,red
19,23,5,17,5,9,11,10,1,dodgerblue
2,6,1,2,1,1,1,4,0,red
0,3,0,0,1,0,0,0,0,red
0,2,0,0,1,0,0,2,0,red
6,5,0,7,2,1,3,1,0,red
11,11,2,7,1,6,2,5,0,red
0,3,0,1,0,0,0,0,0,red
2,2,0,1,0,0,0,0,0,red
10,23,0,14,5,5,5,0,1,dodgerblue
21,19,1,11,4,3,8,1,1,dodgerblue
1,3,2,3,1,0,2,4,0,red
15,28,2,14,2,1,10,1,1,dodgerblue
1,2,0,0,1,1,0,2,0,red
1,0,0,0,1,2,0,0,0,red
11,17,2,7,2,7,5,6,1,dodgerblue
6,10,2,5,2,0,3,7,0,red
0,5,0,0,1,0,0,2,0,red
0,3,0,0,1,0,0,1,0,red
3,3,1,1,2,2,0,1,0,red
4,6,2,4,0,1,4,0,0,red
0,2,0,1,0,0,1,0,0,red
1,6,2,2,1,0,2,4,0,red
12,2,3,6,8,8,4,0,1,dodgerblue
0,2,0,1,2,0,1,2,0,red
0,2,0,0,1,0,0,2,0,red
2,1,1,2,0,1,1,0,0,red
6,14,4,7,3,5,7,12,1,dodgerblue
0,4,0,1,0,0,0,1,0,red
5,6,3,2,1,2,1,1,0,red
2,3,0,2,0,1,0,0,0,red
2,5,1,2,1,1,2,4,0,red
1,2,0,1,1,0,0,2,0,red
2,3,0,1,2,0,1,1,0,red
1,1,0,1,0,1,0,0,0,red
1,2,0,0,1,0,0,2,0,red
0,2,0,0,1,1,0,2,0,red
0,2,1,1,1,0,1,2,0,red
2,7,1,0,2,0,0,9,0,red
2,3,0,0,3,3,0,0,0,red
3,1,2,1,3,1,2,3,0,red
0,2,0,0,1,0,0,1,0,red
6,3,1,3,1,3,2,1,0,red
3,7,0,2,1,0,8,11,0,red
1,1,1,0,1,0,0,2,0,red
3,5,2,4,1,0,1,5,0,red
0,1,0,0,2,0,0,2,0,red
0,2,0,0,1,0,0,2,0,red
1,0,0,2,0,0,0,0,0,red
1,1,0,0,0,0,1,0,0,red
9,14,2,6,1,1,2,7,0,red
3,5,1,2,2,1,2,4,0,red
3,5,3,3,0,1,3,4,0,red
2,1,0,1,1,0,0,1,0,red
0,1,0,0,1,1,0,1,0,red
2,4,0,1,0,1,1,4,0,red
9,12,3,5,2,4,0,6,0,red
1,7,0,2,2,1,1,1,0,red
2,2,0,1,0,1,0,3,0,red
0,2,0,0,0,0,0,0,0,red
3,6,1,2,1,2,2,5,0,red
0,1,0,1,1,1,0,0,0,red
11,18,2,8,4,9,4,3,1,dodgerblue
5,6,3,3,0,1,3,3,0,red
2,3,0,1,1,1,1,4,0,red
10,13,3,9,3,4,5,4,1,dodgerblue
4,14,2,3,2,3,4,10,1,dodgerblue
0,5,0,1,1,2,1,4,0,red
0,2,0,0,1,0,0,1,0,red
1,1,0,1,0,0,0,1,0,red
0,3,0,0,1,0,0,2,0,red
4,6,0,0,3,1,1,2,0,red
1,3,0,0,0,1,1,2,0,red
2,2,0,1,0,0,2,0,0,red
0,4,0,2,0,0,0,1,0,red
43,55,12,37,7,14,16,16,2,peru
2,2,0,1,0,1,1,0,0,red
0,2,0,0,0,0,0,0,0,red
2,6,1,1,0,2,1,5,0,red
1,2,1,1,0,0,0,1,0,red
1,3,0,0,0,0,1,1,0,red
0,3,0,0,0,0,0,2,0,red
4,9,0,4,1,3,3,4,0,red
2,3,0,2,2,3,0,2,0,red
0,2,0,0,1,0,0,1,0,red
3,4,0,2,1,0,0,1,0,red
4,6,0,2,3,3,3,2,0,red
0,2,0,0,0,0,0,1,0,red
5,6,3,3,1,3,3,4,0,red
2,4,0,0,0,0,1,4,0,red
1,3,0,1,1,0,1,3,0,red
0,7,0,0,1,1,1,4,0,red
1,1,0,0,1,1,0,1,0,red
0,1,0,0,1,0,1,0,0,red
1,1,0,0,0,1,0,1,0,red
7,15,0,7,2,5,5,5,0,red
4,6,2,2,1,2,1,6,0,red
0,3,0,0,0,0,0,1,0,red
6,2,1,2,1,0,2,0,0,red
0,0,0,0,1,2,0,0,0,red
2,2,3,3,1,0,1,4,0,red
3,3,0,1,1,3,2,1,0,red
1,3,0,1,0,0,1,2,0,red
2,4,0,1,0,1,2,1,0,red
0,3,0,1,0,0,0,1,0,red
2,2,2,2,0,0,0,3,0,red
6,16,0,2,3,0,1,5,0,red
0,3,0,0,0,0,0,3,0,red
6,12,5,3,2,2,2,14,1,dodgerblue
6,9,0,3,3,6,2,8,0,red
1,2,0,1,0,1,0,1,0,red
0,3,0,0,1,0,0,3,0,red
1,2,1,0,3,3,0,2,0,red
5,5,0,2,1,3,1,3,0,red
4,6,1,3,1,2,5,6,0,red
1,3,0,0,1,0,0,3,0,red
2,3,1,1,0,0,0,3,0,red
7,19,1,7,2,2,6,8,1,dodgerblue
0,6,0,3,0,0,1,0,0,red
0,2,0,0,1,1,0,2,0,red
15,17,5,7,4,6,6,12,1,dodgerblue
2,3,0,4,0,0,0,0,0,red
1,4,0,0,2,0,0,4,0,red
13,16,4,8,2,4,5,7,1,dodgerblue
5,8,1,3,4,1,3,1,0,red
6,17,0,8,4,8,4,1,0,red
0,2,0,1,1,0,0,1,0,red
0,2,0,0,1,0,0,2,0,red
3,1,0,2,0,2,2,1,0,red
5,11,1,6,1,2,3,4,0,red
5,8,1,4,1,1,4,5,0,red
1,2,0,1,1,0,1,2,0,red
1,4,0,1,0,1,1,1,0,red
0,2,0,0,0,0,0,0,0,red
4,6,1,2,0,0,1,0,0,red
1,2,0,1,0,0,0,0,0,red
0,2,0,1,0,0,0,1,0,red
0,3,0,0,1,0,0,3,0,red
2,4,1,1,1,1,1,4,0,red
2,2,0,1,1,5,0,0,0,red
8,15,2,6,1,5,7,8,1,dodgerblue
3,6,2,4,3,4,2,5,0,red
0,2,0,0,1,0,0,2,0,red
4,1,2,1,0,1,0,2,0,red
12,23,5,10,5,9,12,18,1,dodgerblue
2,4,0,0,1,1,1,5,0,red
9,11,5,3,1,1,1,5,0,red
6,14,0,4,2,1,7,12,1,dodgerblue
2,1,0,1,1,2,0,0,0,red
9,15,3,5,1,9,2,8,1,dodgerblue
2,3,0,1,1,0,1,2,0,red
3,3,0,3,0,2,1,1,0,red
6,6,1,1,2,4,0,5,0,red
2,2,0,1,2,0,1,1,0,red
8,13,1,6,4,6,4,3,0,red
0,2,0,0,1,0,0,2,0,red
8,20,1,9,3,3,3,6,1,dodgerblue
24,22,9,15,4,8,10,18,1,dodgerblue
5,7,1,1,2,3,1,6,0,red
2,2,0,0,0,0,1,2,0,red
1,2,0,0,1,1,1,2,0,red
4,7,1,2,2,1,2,7,0,red
4,9,1,3,3,3,1,5,0,red
1,0,0,0,1,2,1,0,0,red
8,2,3,4,1,6,1,3,0,red
0,2,0,0,1,0,0,2,0,red
2,2,0,1,1,1,0,0,0,red
3,4,0,4,5,4,4,0,0,red
15,15,5,6,5,7,3,13,1,dodgerblue
17,30,4,9,1,3,8,28,1,dodgerblue
2,0,1,0,2,2,0,1,0,red
2,3,2,3,0,1,1,2,0,red
1,3,0,0,1,0,1,3,0,red
1,2,0,0,0,0,0,0,0,red
14,21,4,9,8,11,9,13,1,dodgerblue
4,12,0,3,2,4,5,9,0,red
0,1,0,0,0,1,0,0,0,red
0,3,0,0,1,0,0,2,0,red
1,2,0,0,0,0,0,1,0,red
2,2,0,1,0,1,2,1,0,red
0,2,0,0,0,0,0,1,0,red
2,7,0,0,1,2,1,6,0,red
4,6,1,2,2,1,1,4,0,red
0,2,0,0,1,0,0,2,0,red
4,1,0,1,0,1,0,2,0,red
6,3,3,3,2,4,2,3,0,red
3,2,1,2,0,3,0,1,0,red
28,24,12,9,10,13,10,19,1,dodgerblue
1,5,0,0,0,1,2,6,0,red
1,2,0,1,0,0,1,1,0,red
9,18,1,6,3,8,5,12,1,dodgerblue
2,3,0,3,0,0,4,1,0,red
1,2,1,1,1,0,1,2,0,red
5,7,1,2,4,1,6,10,0,red
0,6,2,3,0,0,0,0,0,red
1,1,0,0,1,1,0,1,0,red
1,3,0,1,1,0,0,1,0,red
13,13,7,4,1,4,6,12,1,dodgerblue
10,9,5,4,3,5,6,6,1,dodgerblue
4,6,0,2,2,2,6,0,0,red
1,4,0,0,2,1,2,2,0,red
2,2,2,1,1,0,0,3,0,red
1,3,0,0,2,0,0,1,0,red
1,2,0,0,0,0,0,2,0,red
0,3,0,1,1,0,0,1,0,red
6,6,2,3,3,1,6,4,0,red
1,3,0,1,1,1,1,0,0,red
2,8,1,1,2,2,0,5,0,red
4,4,1,4,1,1,4,1,0,red
4,9,0,2,2,1,3,4,0,red
2,1,0,0,0,1,1,1,0,red
3,5,2,2,1,1,2,5,0,red
20,26,4,9,2,2,5,11,1,dodgerblue
6,13,3,5,2,3,4,6,0,red
7,10,1,7,2,3,0,5,0,red
0,2,0,0,1,0,0,2,0,red
7,5,3,2,1,6,1,2,0,red
1,4,1,2,2,2,0,2,0,red
4,6,1,3,1,2,2,4,0,red
1,1,0,2,0,0,2,2,0,red
2,5,1,1,0,1,1,5,0,red
2,6,1,3,1,0,2,3,0,red
0,2,0,0,1,0,0,2,0,red
4,7,1,2,0,1,4,6,0,red
0,2,0,0,1,0,0,2,0,red
1,3,0,0,1,0,0,3,0,red
6,5,2,3,0,2,3,3,0,red
0,2,0,0,1,0,0,2,0,red
2,3,2,2,1,0,2,4,0,red
4,4,2,1,1,0,1,1,0,red
0,2,0,0,0,0,1,0,0,red
5,0,3,3,0,2,0,0,0,red
12,9,5,4,3,1,5,0,0,red
2,5,1,3,1,3,3,7,0,red
3,8,1,4,0,2,5,5,0,red
3,5,0,1,0,1,2,5,0,red
4,16,1,2,3,2,6,11,1,dodgerblue
5,6,1,2,0,2,1,4,0,red
0,2,0,0,1,0,0,2,0,red
1,1,1,1,0,0,1,2,0,red
3,3,1,5,0,0,1,0,0,red
1,7,0,0,1,1,2,5,0,red
8,19,3,7,0,0,4,13,1,dodgerblue
4,6,1,3,1,0,1,4,0,red
13,17,6,16,2,7,1,4,1,dodgerblue
5,7,1,3,0,3,3,4,0,red
4,2,1,2,0,0,3,2,0,red
1,2,1,1,0,0,0,2,0,red
3,4,1,1,0,1,1,4,0,red
1,3,1,1,1,0,0,2,0,red
2,4,0,2,2,0,1,3,0,red
1,2,0,2,0,2,0,0,0,red
1,1,0,0,0,1,0,1,0,red
16,26,3,11,5,8,8,6,1,dodgerblue
1,3,1,1,0,0,0,2,0,red
3,4,1,4,1,3,0,3,0,red
1,2,1,1,1,0,0,2,0,red
1,3,1,1,1,0,0,3,0,red
6,5,6,5,2,3,3,7,0,red
1,4,0,1,1,1,2,1,0,red
1,5,1,3,0,0,4,2,0,red
3,0,0,1,1,1,3,0,0,red
3,12,0,4,2,5,2,4,0,red
0,2,0,0,1,0,0,2,0,red
2,5,1,1,1,0,0,5,0,red
3,3,1,0,1,2,0,3,0,red
1,1,0,0,1,0,0,1,0,red
2,4,2,2,1,1,2,3,0,red
1,2,0,1,3,2,0,0,0,red
1,1,0,0,0,1,0,1,0,red
0,2,0,0,1,0,0,1,0,red
4,11,2,2,1,1,2,8,0,red
1,2,0,1,0,0,1,1,0,red
5,2,3,2,0,3,0,2,0,red
2,5,1,3,1,0,1,3,0,red
24,21,7,15,10,14,6,2,1,dodgerblue
8,8,3,2,1,3,2,8,0,red
6,8,3,4,3,1,5,10,1,dodgerblue
0,2,1,0,2,1,1,2,0,red
3,3,1,1,1,2,1,3,0,red
2,3,1,1,1,0,0,3,0,red
1,2,1,1,1,0,0,2,0,red
0,2,0,0,1,0,0,1,0,red
2,4,1,1,1,0,0,4,0,red
0,2,0,0,1,0,0,1,0,red
2,3,0,2,1,0,1,1,0,red
2,3,0,2,1,1,4,2,0,red
1,1,1,1,0,1,0,0,0,red
2,1,1,1,0,1,0,1,0,red
0,2,0,0,1,0,0,2,0,red
1,4,0,1,0,0,1,2,0,red
1,2,0,1,1,0,1,3,0,red
1,5,0,2,1,2,2,2,0,red
7,10,0,8,3,3,3,1,0,red
0,2,0,0,1,0,0,2,0,red
1,2,1,1,1,0,0,2,0,red
6,13,1,3,0,1,4,9,0,red
2,3,0,2,1,1,1,2,0,red
8,13,0,8,4,2,7,4,0,red
0,2,0,0,1,0,0,2,0,red
0,2,0,0,1,0,0,2,0,red
0,2,0,0,0,0,0,1,0,red
2,8,2,2,0,0,3,8,0,red
1,6,0,0,0,0,1,3,0,red
1,2,0,0,1,1,0,3,0,red
3,4,1,1,0,0,0,4,0,red
6,9,3,6,2,4,6,5,0,red
7,4,3,6,3,0,4,0,0,red
7,11,3,1,1,4,2,14,1,dodgerblue
4,7,1,2,2,2,2,4,0,red
0,2,0,0,1,0,0,1,0,red
0,2,0,1,0,0,0,0,0,red
13,18,5,6,1,2,10,23,1,dodgerblue
14,19,6,6,5,4,3,18,1,dodgerblue
0,2,0,1,1,1,0,0,0,red
1,2,0,0,1,0,0,2,0,red
0,2,0,0,1,0,0,2,0,red
0,1,0,1,0,1,0,0,0,red
9,12,3,5,1,4,5,11,1,dodgerblue
2,2,0,1,0,0,1,1,0,red
16,8,4,4,8,10,8,4,1,dodgerblue
0,3,0,0,1,1,0,3,0,red
1,2,1,1,1,0,1,1,0,red
0,2,0,2,0,0,0,0,0,red
0,2,0,1,0,0,0,1,0,red
2,3,0,2,3,0,0,1,0,red
1,2,0,1,0,0,1,1,0,red
4,3,1,1,1,2,0,3,0,red
1,2,0,1,1,0,1,1,0,red
2,0,1,1,0,1,0,1,0,red
4,7,0,1,3,3,2,6,0,red
0,2,0,0,1,0,1,2,0,red
0,3,0,0,1,0,1,2,0,red
10,12,4,7,3,5,5,4,1,dodgerblue
3,3,0,0,1,1,0,3,0,red
0,2,0,0,1,0,0,2,0,red
0,2,0,0,0,1,0,2,0,red
9,11,3,6,2,4,4,9,1,dodgerblue
3,3,1,1,1,0,2,3,0,red
1,2,0,1,1,0,1,2,0,red
1,6,1,2,0,0,1,5,0,red
1,2,0,0,1,0,0,2,0,red
0,4,0,0,2,3,0,0,0,red
0,2,0,0,0,1,0,2,0,red
11,7,3,8,2,6,3,3,0,red
1,6,0,2,1,1,3,1,0,red
0,1,0,0,0,0,1,2,0,red
2,6,1,1,2,2,0,5,0,red
3,15,1,8,1,3,5,5,0,red
2,0,2,1,0,2,1,1,0,red
2,4,1,1,1,0,0,4,0,red
1,2,1,1,1,0,0,2,0,red
1,2,1,1,0,0,0,2,0,red
0,2,0,0,1,0,0,1,0,red
2,5,1,1,1,1,1,5,0,red
2,7,0,1,1,2,2,3,0,red
3,4,1,3,0,1,2,5,0,red
0,3,0,0,1,0,1,2,0,red
0,2,0,0,1,0,0,2,0,red
2,2,0,2,0,1,0,0,0,red
1,4,0,0,1,0,1,2,0,red
1,2,0,0,1,0,0,2,0,red
7,11,4,1,3,2,3,13,1,dodgerblue
1,5,0,0,2,1,0,5,0,red
1,5,1,2,0,0,1,3,0,red
5,6,1,3,2,2,2,5,0,red
0,2,0,1,1,0,0,1,0,red
4,5,0,3,3,3,0,1,0,red
2,1,1,1,0,4,0,2,0,red
4,5,2,2,1,2,2,4,0,red
3,5,1,1,0,0,0,3,0,red
0,1,0,0,1,1,0,2,0,red
0,1,0,1,0,0,1,1,0,red
0,3,0,0,0,0,1,1,0,red
1,0,0,0,1,3,1,0,0,red
0,2,0,0,1,0,0,2,0,red
0,2,0,0,1,0,0,2,0,red
6,5,1,2,2,3,0,0,0,red
1,2,1,1,1,0,0,2,0,red
0,2,0,0,0,0,1,1,0,red
1,2,0,0,0,0,0,2,0,red
40,29,18,16,15,6,12,4,1,dodgerblue
1,4,0,0,0,1,0,1,0,red
0,2,0,2,1,0,1,2,0,red
2,5,1,1,1,1,0,5,0,red
3,3,1,2,0,2,0,2,0,red
1,3,0,1,0,1,1,1,0,red
0,2,0,0,1,0,0,2,0,red
1,2,0,0,0,0,0,1,0,red
6,7,2,1,2,2,1,6,0,red
6,9,2,5,2,3,4,5,0,red
7,13,2,3,5,2,7,15,1,dodgerblue
6,6,1,5,3,3,4,2,0,red
8,4,2,3,5,4,3,2,0,red
0,3,0,0,1,0,0,3,0,red
4,4,1,2,0,2,2,4,0,red
1,1,0,0,0,1,0,1,0,red
3,4,2,2,1,1,1,4,0,red
1,2,0,0,1,0,0,0,0,red
2,2,0,2,0,0,1,2,0,red
12,15,3,5,4,5,4,19,1,dodgerblue
1,2,0,0,2,1,0,1,0,red
14,20,2,5,4,6,5,10,1,dodgerblue
2,0,0,0,0,2,0,0,0,red
2,2,0,0,0,1,0,1,0,red
1,0,0,0,0,2,0,0,0,red
0,2,0,0,1,0,0,2,0,red
1,3,0,0,0,1,0,3,0,red
8,6,3,4,0,1,3,7,0,red
5,6,2,3,0,1,3,3,0,red
6,9,3,1,0,3,1,9,0,red
0,2,0,0,1,0,0,2,0,red
2,2,2,2,0,1,2,3,0,red
6,11,2,2,0,3,4,11,0,red
0,2,0,0,1,0,0,2,0,red
8,11,2,4,2,4,3,7,0,red
1,6,0,3,1,0,0,2,0,red
0,1,1,1,1,0,1,2,0,red
1,3,0,0,1,0,0,3,0,red
1,1,0,1,0,0,1,1,0,red
0,2,0,0,1,0,0,2,0,red
1,3,0,0,1,0,0,3,0,red
0,2,0,0,1,0,0,2,0,red
0,3,0,1,1,0,1,1,0,red
3,3,1,3,1,1,5,0,0,red
3,5,1,1,1,1,1,5,0,red
4,8,1,2,0,0,0,7,0,red
3,3,0,1,0,0,0,0,0,red
4,6,1,2,1,1,1,6,0,red
1,2,0,0,0,1,1,2,0,red
0,6,1,3,1,0,1,3,0,red
4,5,1,1,0,1,1,6,0,red
4,10,0,1,0,4,2,10,0,red
1,1,2,2,0,0,1,2,0,red
3,6,1,4,1,2,1,0,0,red
0,2,0,0,1,0,0,2,0,red
1,3,1,1,1,0,0,3,0,red
2,2,1,1,0,1,1,2,0,red
4,8,1,2,0,1,2,6,0,red
0,0,0,0,2,1,0,0,0,red
2,2,1,2,0,0,1,1,0,red
2,1,1,1,0,0,0,2,0,red
4,7,0,1,0,1,1,4,0,red
1,2,0,0,0,0,0,2,0,red
0,2,0,0,1,0,0,2,0,red
2,2,1,1,0,0,0,2,0,red
1,2,0,0,0,0,0,2,0,red
1,2,0,0,0,0,0,2,0,red
1,2,0,0,1,0,0,2,0,red
3,9,3,3,1,1,6,10,0,red
1,7,1,4,0,0,1,3,0,red
1,0,0,0,0,2,0,0,0,red
2,9,0,9,0,1,3,0,0,red
3,2,0,1,0,2,2,2,0,red
1,4,1,3,0,0,2,0,0,red
2,4,1,1,0,1,1,4,0,red
1,2,1,1,0,0,0,2,0,red
0,1,0,0,1,1,0,2,0,red
2,1,1,1,0,0,1,2,0,red
2,1,1,1,0,1,0,1,0,red
2,3,1,1,1,0,0,3,0,red
1,2,0,0,0,1,1,2,0,red
0,2,0,1,0,0,0,0,0,red
2,2,1,1,0,1,1,2,0,red
2,2,0,0,1,0,2,4,0,red
4,4,2,3,0,0,1,6,0,red
3,4,2,3,0,3,3,5,0,red
4,7,2,3,1,4,0,7,0,red
1,5,2,2,1,0,1,4,0,red
2,2,1,2,0,1,2,3,0,red
0,2,0,0,1,0,0,2,0,red
3,4,0,1,1,1,1,3,0,red
0,1,0,1,0,0,0,0,0,red
2,5,0,1,1,2,2,5,0,red
1,1,1,2,0,0,1,2,0,red
3,5,1,1,1,1,1,5,0,red
4,3,1,3,0,2,3,3,0,red
19,14,9,11,2,2,8,8,1,dodgerblue
10,10,2,5,2,4,1,5,0,red
1,2,1,1,0,0,0,2,0,red
5,7,0,8,5,6,1,0,0,red
3,2,2,1,1,1,1,3,0,red
1,2,1,1,1,0,0,2,0,red
3,5,1,1,0,1,1,5,0,red
1,2,2,2,0,0,1,2,0,red
5,3,4,1,1,0,2,6,0,red
23,21,7,16,6,10,6,6,1,dodgerblue
0,2,0,0,0,0,1,2,0,red
1,4,1,1,2,0,0,4,0,red
2,2,1,1,0,0,2,1,0,red
1,3,1,1,0,0,0,3,0,red
1,2,1,1,0,0,0,2,0,red
2,2,1,1,0,1,1,2,0,red
4,6,1,1,1,1,1,6,0,red
2,2,1,1,0,1,1,2,0,red
3,2,1,1,0,1,0,2,0,red
3,5,1,2,1,0,0,4,0,red
8,3,3,5,2,5,4,3,0,red
6,5,1,2,1,1,1,4,0,red
4,6,1,4,0,3,3,2,0,red
11,14,2,6,1,1,12,15,1,dodgerblue
2,2,1,1,0,0,0,2,0,red
2,2,1,1,0,1,1,2,0,red
2,2,1,2,0,0,0,1,0,red
5,6,1,1,1,2,2,3,0,red
2,3,1,3,0,0,3,5,0,red
15,17,6,7,5,4,3,13,1,dodgerblue
4,5,2,3,0,2,2,6,0,red
2,2,1,1,0,0,0,2,0,red
2,3,2,2,0,0,1,4,0,red
2,5,1,3,1,2,2,2,0,red
3,5,1,1,0,1,1,5,0,red
5,6,1,1,0,1,2,6,0,red
5,10,1,2,2,1,4,11,0,red
0,2,0,0,1,0,1,2,0,red
7,13,2,3,2,2,3,14,1,dodgerblue
2,2,1,1,0,0,0,2,0,red
3,8,4,5,0,0,1,4,0,red
1,2,1,1,0,0,0,1,0,red
0,2,0,0,1,0,0,2,0,red
2,7,0,5,2,3,2,1,0,red
1,6,0,2,1,0,1,4,0,red
4,16,0,6,0,1,2,3,0,red
0,2,0,1,1,0,0,1,0,red
2,2,1,1,0,0,0,2,0,red
6,5,1,5,1,3,2,0,0,red
8,12,4,3,5,6,5,15,1,dodgerblue
1,2,0,1,1,1,2,1,0,red
7,15,2,5,2,7,2,5,0,red
6,10,1,4,5,4,1,3,0,red
1,2,1,1,1,0,0,2,0,red
1,2,1,1,0,0,0,2,0,red
5,8,0,3,2,4,1,3,0,red
2,2,1,1,0,0,0,2,0,red
2,0,1,1,0,2,0,0,0,red
4,5,0,6,3,6,4,1,0,red
2,3,1,1,1,2,1,2,0,red
1,2,0,0,2,0,0,2,0,red
3,4,1,1,1,1,1,5,0,red
1,7,0,4,1,4,1,1,0,red
5,5,3,2,1,2,2,7,0,red
0,2,0,0,1,0,0,2,0,red
0,3,0,0,1,1,0,3,0,red
0,1,0,0,0,0,0,0,0,red
0,2,0,0,1,0,0,2,0,red
0,6,0,5,2,0,0,2,0,red
2,4,1,1,1,3,1,3,0,red
0,2,0,0,1,0,0,2,0,red
0,4,0,1,0,0,0,3,0,red
2,3,1,1,1,1,1,3,0,red
3,7,0,2,5,5,2,2,0,red
3,1,0,0,0,2,0,1,0,red
2,2,2,2,0,0,0,2,0,red
1,4,0,0,1,0,0,4,0,red
10,9,5,5,3,2,3,5,0,red
5,6,1,7,2,3,2,1,0,red
1,3,0,0,1,0,0,2,0,red
1,2,1,1,1,0,0,2,0,red
10,12,1,5,2,5,3,3,0,red
4,5,3,2,1,0,1,5,0,red
3,2,2,2,0,2,1,3,0,red
1,2,1,1,1,0,0,2,0,red
3,6,2,2,2,1,2,6,0,red
1,2,0,0,0,0,1,2,0,red
1,2,1,1,1,0,0,2,0,red
1,2,1,1,0,0,0,2,0,red
2,2,1,1,0,1,1,2,0,red
0,2,0,1,0,0,1,0,0,red
14,14,3,9,2,3,9,8,1,dodgerblue
2,4,1,0,1,1,1,5,0,red
13,16,5,9,3,2,5,5,1,dodgerblue
7,7,3,2,0,2,1,7,0,red
2,2,1,1,0,0,0,2,0,red
1,3,1,1,0,0,0,3,0,red
1,2,0,0,0,0,0,2,0,red
3,4,2,3,1,0,3,7,0,red
0,1,0,0,0,0,1,2,0,red
2,3,1,1,0,0,1,3,0,red
2,3,0,0,0,0,0,3,0,red
3,2,2,2,0,0,1,3,0,red
0,2,0,0,0,0,0,1,0,red
1,1,0,0,1,1,0,1,0,red
1,1,0,0,0,1,0,2,0,red
1,2,0,1,1,0,1,1,0,red
3,9,4,3,0,1,5,11,0,red
0,2,0,0,0,0,0,2,0,red
1,1,0,0,0,1,0,0,0,red
14,13,4,6,1,7,1,11,1,dodgerblue
0,2,0,0,1,0,0,2,0,red
0,2,0,0,1,0,0,2,0,red
0,2,0,1,2,0,0,1,0,red
0,3,0,0,1,0,0,3,0,red
0,2,0,0,1,0,0,2,0,red
1,2,0,0,1,1,0,2,0,red
2,2,2,2,0,0,0,2,0,red
5,8,2,2,3,1,4,11,0,red
3,5,1,1,1,1,0,4,0,red
4,7,2,1,0,1,0,2,0,red
1,3,0,1,1,1,2,1,0,red
6,10,4,3,3,3,5,11,1,dodgerblue
3,6,2,1,0,1,1,6,0,red
1,0,0,0,4,2,0,0,0,red
2,2,1,1,0,1,1,2,0,red
12,15,4,8,2,9,6,8,1,dodgerblue
0,2,0,0,1,0,0,2,0,red
2,2,0,0,1,1,1,2,0,red
2,1,0,3,0,1,0,0,0,red
0,2,0,0,0,0,0,2,0,red
2,2,1,1,0,1,1,2,0,red
0,1,0,1,1,1,0,0,0,red
8,10,3,6,2,0,3,8,0,red
4,5,2,2,3,2,2,7,0,red
1,1,1,0,0,0,1,2,0,red
0,2,1,0,1,2,0,3,0,red
3,4,2,3,3,1,2,6,0,red
14,15,1,6,3,5,5,6,1,dodgerblue
6,8,1,2,2,3,4,6,0,red
0,2,0,0,1,0,0,2,0,red
5,11,0,4,3,7,2,8,0,red
1,2,1,1,0,1,0,2,0,red
0,5,0,0,1,0,2,1,0,red
2,0,0,0,0,2,0,0,0,red
1,0,0,0,0,2,0,0,0,red
5,14,3,3,1,0,2,12,0,red
1,3,0,0,0,1,0,3,0,red
0,1,0,0,1,0,0,0,0,red
2,0,1,0,0,2,0,1,0,red
1,4,0,2,0,0,2,0,0,red
0,1,0,0,0,1,0,0,0,red
5,9,1,1,1,1,1,8,0,red
4,7,1,2,3,3,3,5,0,red
13,13,1,4,4,8,1,9,1,dodgerblue
11,15,2,10,3,0,10,5,1,dodgerblue
7,8,2,4,3,2,3,4,0,red
4,6,0,2,1,3,3,0,0,red
0,2,0,1,1,0,1,3,0,red
0,2,0,0,1,0,0,1,0,red
0,2,0,0,0,0,0,0,0,red
3,9,1,1,1,0,2,9,0,red
3,3,1,2,0,2,2,4,0,red
30,26,7,15,8,6,22,9,1,dodgerblue
0,1,1,1,1,1,1,2,0,red
3,7,2,2,1,3,3,5,0,red
1,0,0,1,0,1,1,0,0,red
6,8,3,2,3,3,3,10,0,red
1,2,1,1,1,0,0,2,0,red
3,4,2,5,1,1,4,3,0,red
3,12,0,6,3,2,2,3,0,red
1,2,0,2,1,0,2,3,0,red
1,1,0,0,0,1,0,1,0,red
7,7,2,3,0,4,2,7,0,red
0,2,0,0,0,0,0,2,0,red
15,21,1,12,1,2,3,9,1,dodgerblue
2,1,0,0,0,1,0,0,0,red
0,2,0,0,1,0,0,2,0,red
4,9,3,2,1,1,2,9,0,red
0,2,0,1,1,0,0,1,0,red
1,2,1,1,0,0,0,2,0,red
1,2,0,0,0,0,0,2,0,red
2,2,1,0,2,2,0,3,0,red
3,13,5,8,2,0,6,11,1,dodgerblue
1,4,2,2,1,0,1,4,0,red
2,1,1,1,0,1,0,1,0,red
0,3,0,0,0,0,0,3,0,red
1,4,0,0,1,1,1,4,0,red
0,2,0,0,0,1,0,2,0,red
2,2,1,1,0,0,1,2,0,red
1,1,0,0,0,0,1,2,0,red
2,1,0,1,0,1,1,1,0,red
1,3,1,0,2,2,1,4,0,red
16,16,8,9,8,6,4,15,1,dodgerblue
0,2,0,0,1,0,0,2,0,red
0,2,0,0,1,0,0,1,0,red
2,2,1,1,0,0,1,2,0,red
2,3,0,1,0,2,2,0,0,red
0,3,0,0,1,0,1,2,0,red
3,4,2,3,0,1,3,4,0,red
1,2,1,1,0,0,0,2,0,red
0,1,0,0,1,0,0,1,0,red
4,5,1,2,1,3,0,4,0,red
1,2,0,0,1,1,1,1,0,red
0,2,0,0,1,0,0,2,0,red
1,2,0,0,0,0,0,2,0,red
2,0,0,0,0,2,0,0,0,red
1,2,1,1,0,0,0,2,0,red
0,2,0,1,0,1,0,1,0,red
1,5,1,3,0,0,3,1,0,red
5,9,2,4,2,2,3,7,0,red
0,2,0,1,0,0,0,1,0,red
3,6,2,2,1,0,1,6,0,red
1,1,0,0,1,1,0,1,0,red
2,3,1,1,0,1,1,4,0,red
0,2,0,0,0,0,1,1,0,red
0,1,1,1,1,0,1,2,0,red
0,1,0,1,0,0,0,0,0,red
3,6,2,2,0,1,1,6,0,red
0,2,0,0,1,0,0,2,0,red
3,3,1,2,0,1,1,3,0,red
1,1,0,0,2,0,0,0,0,red
0,5,0,1,1,0,0,3,0,red
0,2,0,0,1,1,0,2,0,red
2,4,1,1,0,0,0,4,0,red
0,2,0,1,0,0,0,0,0,red
1,2,0,0,1,0,0,2,0,red
2,2,0,1,0,1,2,0,0,red
3,1,2,1,0,0,0,4,0,red
1,4,1,2,1,0,0,3,0,red
0,3,0,2,0,0,0,1,0,red
2,2,1,2,1,1,1,2,0,red
2,4,0,2,1,0,0,2,0,red
1,1,2,1,0,0,4,4,0,red
3,2,1,2,0,0,1,0,0,red
2,3,1,3,0,1,0,1,0,red
1,1,0,0,0,1,0,2,0,red
0,1,0,0,2,0,0,2,0,red
8,9,2,4,2,3,4,10,1,dodgerblue
4,10,1,3,2,5,1,3,0,red
2,3,1,1,1,1,1,3,0,red
4,11,2,2,0,2,4,11,0,red
4,4,3,4,0,1,1,3,0,red
0,2,0,0,1,0,0,2,0,red
0,5,1,2,1,0,7,7,0,red
2,5,1,1,0,3,1,5,0,red
3,4,1,2,1,1,0,4,0,red
4,2,0,2,1,3,1,0,0,red
4,4,1,1,1,0,0,4,0,red
3,4,1,1,1,2,1,5,0,red
1,2,0,0,1,0,0,2,0,red
1,2,0,0,0,1,1,2,0,red
5,4,1,1,0,1,1,3,0,red
5,6,3,2,1,1,1,4,0,red
0,6,0,3,0,0,2,0,0,red
2,1,1,1,0,1,0,1,0,red
7,0,3,3,2,4,2,0,0,red
1,1,0,3,0,0,0,0,0,red
3,17,0,3,1,2,4,6,0,red
2,3,0,0,0,0,0,4,0,red
0,2,0,0,1,1,0,2,0,red
2,1,2,1,1,0,0,0,0,red
1,1,0,0,1,0,0,2,0,red
1,1,0,0,0,1,0,1,0,red
2,2,1,1,1,0,0,2,0,red
0,1,0,1,0,0,1,0,0,red
4,6,2,4,2,1,4,8,0,red
1,11,0,3,1,0,2,1,0,red
2,3,0,1,0,0,1,3,0,red
8,10,4,2,2,0,0,10,0,red
2,1,1,1,1,1,1,2,0,red
1,2,0,0,1,1,1,2,0,red
0,2,0,1,1,0,1,3,0,red
2,2,1,1,0,1,1,2,0,red
4,6,0,3,3,2,4,3,0,red
0,3,0,0,1,0,0,3,0,red
0,2,0,0,1,0,0,2,0,red
1,2,0,1,0,0,0,2,0,red
2,2,0,1,0,2,0,0,0,red
1,5,1,4,1,1,1,1,0,red
3,1,1,1,0,1,1,1,0,red
0,0,0,0,2,1,0,0,0,red
0,0,1,1,0,0,3,1,0,red
1,2,1,1,1,0,0,2,0,red
2,3,1,2,1,0,2,2,0,red
2,0,0,3,0,1,0,0,0,red
2,3,2,2,0,1,1,4,0,red
1,3,1,1,0,0,0,3,0,red
0,2,0,0,1,0,0,1,0,red
4,6,1,3,0,1,0,5,0,red
3,5,1,5,0,0,4,0,0,red
1,1,1,0,0,1,0,1,0,red
1,2,0,1,0,0,1,1,0,red
1,3,0,0,1,1,0,3,0,red
2,2,2,3,2,2,2,2,0,red
14,13,4,9,3,2,5,7,1,dodgerblue
3,7,2,2,1,1,2,7,0,red
1,1,0,0,0,0,1,1,0,red
2,3,1,1,0,1,1,3,0,red
1,3,1,1,1,0,0,3,0,red
0,2,0,0,0,0,0,1,0,red
2,2,0,1,1,2,0,0,0,red
1,4,0,2,0,1,1,2,0,red
2,3,0,2,1,0,1,2,0,red
1,2,1,1,1,0,0,1,0,red
3,7,0,3,0,0,2,1,0,red
1,2,1,1,0,0,0,2,0,red
2,1,0,0,0,2,1,1,0,red
0,2,0,0,0,0,0,0,0,red
1,1,0,1,1,0,0,1,0,red
1,4,0,0,0,1,0,3,0,red
2,4,1,1,0,0,0,4,0,red
2,3,1,1,1,0,0,3,0,red
3,1,1,1,0,2,1,0,0,red
2,2,0,1,0,0,2,0,0,red
3,3,1,1,0,1,1,2,0,red
12,7,2,4,0,2,3,6,0,red
5,10,2,4,3,2,3,9,0,red
5,12,2,3,2,2,5,10,0,red
0,2,0,0,1,0,0,2,0,red
3,5,0,1,1,1,0,3,0,red
4,1,1,3,5,2,4,4,0,red
1,4,0,1,1,0,0,1,0,red
2,4,1,1,1,1,1,4,0,red
2,4,0,0,1,0,0,5,0,red
1,3,1,1,1,0,0,3,0,red
0,2,0,0,0,0,0,0,0,red
1,1,1,1,1,0,0,1,0,red
2,6,1,3,1,1,1,6,0,red
7,1,4,2,2,3,2,5,0,red
4,2,1,3,0,2,1,1,0,red
6,3,3,4,3,2,3,6,0,red
1,4,1,1,1,0,1,6,0,red
2,3,0,2,1,1,1,1,0,red
1,5,0,0,2,1,0,4,0,red
2,2,0,0,0,1,2,3,0,red
1,0,0,0,2,1,1,2,0,red
24,32,6,16,6,7,18,17,1,dodgerblue
7,5,2,4,2,3,1,1,0,red
0,2,0,0,1,0,1,2,0,red
7,7,1,4,2,5,3,8,0,red
2,2,1,1,0,0,0,2,0,red
0,3,0,0,1,0,0,3,0,red
2,5,2,2,0,1,1,5,0,red
0,2,0,1,0,0,1,1,0,red
1,2,0,0,0,1,0,2,0,red
7,9,3,4,1,4,4,9,1,dodgerblue
2,2,1,1,0,0,0,2,0,red
2,1,0,0,0,0,0,1,0,red
0,1,0,1,0,0,0,1,0,red
2,4,1,2,0,0,1,3,0,red
1,2,0,0,1,1,0,1,0,red
1,1,0,0,0,1,0,1,0,red
5,13,2,3,1,2,4,10,0,red
2,1,1,0,0,1,0,1,0,red
6,10,3,2,0,2,6,12,1,dodgerblue
1,2,3,1,0,0,4,3,0,red
3,5,2,2,0,1,2,5,0,red
5,4,0,0,0,6,1,3,0,red
0,2,0,0,1,0,0,2,0,red
1,2,0,0,1,0,0,1,0,red
4,2,0,1,2,1,3,4,0,red
2,3,0,0,0,0,0,3,0,red
18,12,9,9,5,4,9,17,1,dodgerblue
17,15,5,8,1,7,2,10,1,dodgerblue
2,4,0,0,0,1,2,4,0,red
2,5,0,0,0,0,0,5,0,red
1,2,1,1,1,0,0,2,0,red
0,2,0,0,1,0,0,2,0,red
1,5,0,1,0,0,2,2,0,red
1,2,1,1,1,0,0,2,0,red
1,2,0,2,1,1,0,0,0,red
0,2,0,0,1,0,0,2,0,red
1,2,0,0,0,1,1,2,0,red
1,2,0,0,0,1,2,2,0,red
0,2,0,0,1,0,0,2,0,red
3,1,1,2,0,1,1,4,0,red
9,15,3,8,1,2,11,12,1,dodgerblue
3,5,1,2,0,0,1,4,0,red
5,8,2,2,1,2,2,6,0,red
2,2,1,2,0,0,1,2,0,red
3,7,1,2,2,0,2,5,0,red
1,4,1,1,0,0,1,4,0,red
1,1,0,0,0,0,0,2,0,red
1,2,1,0,1,0,0,2,0,red
2,1,0,0,1,0,0,2,0,red
1,2,1,1,0,0,0,2,0,red
3,5,2,2,0,1,1,5,0,red
0,3,0,2,0,0,1,0,0,red
11,14,2,4,2,3,4,14,1,dodgerblue
4,5,1,2,1,2,3,5,0,red
2,3,0,1,0,1,2,3,0,red
1,3,0,0,1,0,0,2,0,red
1,3,0,0,0,1,0,0,0,red
0,2,0,0,0,0,0,1,0,red
4,5,3,3,0,0,1,6,0,red
3,8,0,4,0,0,4,0,0,red
1,2,0,0,1,1,1,2,0,red
0,2,0,1,1,0,0,1,0,red
0,2,0,1,1,0,0,1,0,red
1,2,0,0,0,0,0,2,0,red
2,3,1,2,3,1,1,2,0,red
0,2,0,0,1,0,0,2,0,red
0,4,0,3,3,2,0,0,0,red
2,3,2,2,0,0,1,3,0,red
3,4,1,2,1,0,1,2,0,red
1,4,0,2,1,1,1,1,0,red
1,2,0,0,2,2,1,2,0,red
2,3,2,3,0,0,2,2,0,red
2,0,0,1,0,2,0,0,0,red
1,3,0,1,1,1,1,1,0,red
0,2,0,0,1,0,0,2,0,red
2,6,0,1,0,1,3,8,0,red
6,7,1,3,0,3,3,4,0,red
0,2,0,0,2,0,1,2,0,red
4,5,1,3,1,3,1,3,0,red
0,2,0,2,0,0,0,0,0,red
10,11,8,6,4,5,9,16,1,dodgerblue
0,2,0,0,1,0,0,2,0,red
0,2,0,0,1,0,0,2,0,red
0,1,1,0,0,0,1,2,0,red
4,7,1,7,2,3,2,1,0,red
3,3,1,1,0,1,1,3,0,red
0,2,1,1,1,0,1,2,0,red
1,1,1,1,1,0,0,2,0,red
4,7,2,2,1,2,0,8,0,red
1,1,1,0,0,0,0,2,0,red
7,9,2,4,1,1,4,9,0,red
6,6,2,2,1,2,2,3,0,red
1,1,0,0,1,1,0,1,0,red
4,9,3,4,2,2,2,9,0,red
1,2,1,1,0,1,2,2,0,red
0,2,0,0,0,0,1,2,0,red
1,1,0,1,0,0,0,1,0,red
1,2,0,0,1,1,1,2,0,red
1,1,0,0,1,0,0,1,0,red
6,6,2,2,0,7,1,6,0,red
0,2,0,0,1,0,0,2,0,red
1,2,0,0,1,0,0,2,0,red
1,4,1,2,1,1,1,3,0,red
1,1,0,1,0,1,0,0,0,red
0,2,1,0,1,1,1,1,0,red
1,2,0,1,0,0,0,2,0,red
3,2,0,2,1,1,3,0,0,red
1,1,0,0,0,1,0,1,0,red
3,10,1,4,4,0,3,6,0,red
1,2,0,0,0,1,1,2,0,red
2,2,0,0,0,1,1,2,0,red
0,2,0,0,1,0,0,2,0,red
4,11,1,1,3,1,2,11,0,red
2,0,0,0,0,2,0,0,0,red
0,1,1,1,0,0,0,1,0,red
1,3,0,0,1,2,1,4,0,red
3,7,1,1,2,1,2,7,0,red
2,2,1,0,0,1,1,3,0,red
2,2,1,2,0,0,0,2,0,red
1,4,1,0,0,0,0,4,0,red
0,2,0,1,1,0,0,1,0,red
4,5,2,1,0,1,2,5,0,red
3,5,0,0,1,2,1,6,0,red
2,2,2,0,0,1,0,1,0,red
3,5,1,3,0,0,0,2,0,red
0,3,0,1,0,0,0,1,0,red
2,2,1,2,0,0,0,1,0,red
0,2,0,0,1,0,0,2,0,red
1,3,2,2,1,0,1,3,0,red
0,1,0,0,0,0,0,1,0,red
2,2,1,1,0,0,0,2,0,red
1,1,0,0,1,1,0,1,0,red
2,3,2,3,0,0,3,4,0,red
0,5,0,2,1,1,1,5,0,red
0,5,0,0,1,0,2,2,0,red
0,2,0,0,1,0,0,2,0,red
2,3,1,0,0,0,1,4,0,red
2,1,1,1,0,1,0,1,0,red
0,3,0,0,0,0,0,2,0,red
0,3,0,1,1,1,0,1,0,red
1,3,1,1,1,1,0,3,0,red
3,5,1,2,1,2,0,5,0,red
2,2,1,1,0,0,0,2,0,red
10,12,1,3,2,4,6,11,1,dodgerblue
5,8,1,2,0,1,1,6,0,red
3,3,1,1,0,0,0,2,0,red
1,4,2,2,1,0,1,4,0,red
3,4,2,2,1,2,1,5,0,red
2,3,1,1,1,1,1,3,0,red
4,5,1,2,2,0,2,0,0,red
2,3,1,1,0,1,1,3,0,red
1,2,0,1,1,0,0,1,0,red
1,2,1,1,0,0,0,2,0,red
0,3,0,0,0,0,1,1,0,red
1,1,1,0,1,0,0,2,0,red
0,2,0,0,0,1,0,2,0,red
2,3,1,1,0,1,1,3,0,red
4,4,2,3,3,1,0,6,0,red
2,9,0,2,1,2,0,2,0,red
1,3,0,1,0,0,1,1,0,red
2,4,1,1,1,1,1,4,0,red
1,2,1,1,0,1,1,2,0,red
1,6,0,2,0,0,0,3,0,red
3,7,2,2,0,4,1,8,0,red
2,1,0,1,1,2,0,0,0,red
0,2,0,0,1,0,0,2,0,red
2,2,1,1,0,0,0,2,0,red
2,3,1,1,0,0,0,3,0,red
1,3,1,1,0,1,0,3,0,red
9,18,3,10,4,1,7,10,1,dodgerblue
0,0,0,0,2,2,1,0,0,red
2,3,1,1,0,0,2,2,0,red
1,4,1,1,1,0,0,4,0,red
2,3,0,0,0,0,1,3,0,red
0,3,2,2,1,0,3,2,0,red
0,1,0,1,0,0,0,1,0,red
5,10,2,4,1,2,2,10,0,red
0,2,0,1,1,0,1,1,0,red
0,2,0,0,0,0,0,2,0,red
4,3,4,2,2,1,2,5,0,red
3,3,0,1,1,0,2,2,0,red
1,1,1,0,0,0,0,2,0,red
6,3,1,0,0,5,1,2,0,red
3,2,4,3,1,2,2,3,0,red
1,2,1,1,0,0,0,2,0,red
4,4,2,3,0,0,3,7,0,red
0,3,1,1,1,0,1,3,0,red
5,2,1,3,1,0,1,1,0,red
2,2,2,2,0,0,0,3,0,red
1,2,0,1,1,1,0,2,0,red
1,1,1,1,0,1,0,2,0,red
2,2,1,1,0,0,0,2,0,red
1,2,1,0,1,0,0,3,0,red
2,2,0,0,0,0,1,3,0,red
3,6,2,2,0,1,2,6,0,red
1,4,1,1,0,0,1,4,0,red
1,1,1,0,1,1,0,2,0,red
2,2,0,2,0,0,2,0,0,red
1,3,2,2,1,0,1,3,0,red
0,2,1,1,0,0,2,2,0,red
1,2,0,1,1,2,1,0,0,red
4,3,2,3,2,5,2,1,0,red
0,2,0,0,0,0,0,0,0,red
1,1,1,1,0,1,0,2,0,red
2,0,1,0,0,2,0,0,0,red
1,2,0,0,0,1,1,2,0,red
1,1,0,1,1,0,1,1,0,red
2,3,1,2,1,0,1,2,0,red
2,3,1,1,1,1,0,2,0,red
2,1,0,1,0,1,1,1,0,red
5,7,3,3,0,3,3,7,0,red
0,2,0,0,1,0,0,2,0,red
2,3,1,2,0,0,0,2,0,red
4,4,0,1,1,2,2,1,0,red
1,2,1,1,0,0,0,2,0,red
2,0,0,0,0,1,0,0,0,red
1,3,2,2,0,0,1,3,0,red
1,1,1,1,1,0,0,2,0,red
1,2,1,1,0,1,1,2,0,red
5,5,0,1,2,5,2,5,0,red
1,2,0,0,0,0,0,2,0,red
1,2,0,0,0,0,0,2,0,red
2,7,2,2,1,1,2,5,0,red
1,2,0,0,0,0,0,2,0,red
2,3,1,2,1,1,3,1,0,red
1,1,1,0,1,3,0,0,0,red
3,3,1,1,0,1,1,3,0,red
0,1,0,0,0,0,0,2,0,red
0,3,0,0,1,1,0,3,0,red
2,2,1,1,0,1,1,2,0,red
0,2,0,0,1,0,0,2,0,red
2,0,1,1,1,1,1,2,0,red
6,10,2,6,0,1,4,4,0,red
0,2,0,1,1,0,0,1,0,red
0,2,0,0,1,0,0,1,0,red
0,2,0,0,0,0,0,2,0,red
1,4,0,0,1,1,0,4,0,red
0,2,0,0,0,0,0,2,0,red
1,2,0,1,1,1,1,0,0,red
1,2,1,1,1,0,0,2,0,red
35,30,11,17,11,9,10,20,1,dodgerblue
0,2,0,0,1,1,0,2,0,red
1,2,1,1,0,0,0,2,0,red
6,5,4,5,0,0,3,7,0,red
0,2,0,0,0,0,0,2,0,red
3,2,1,0,0,1,2,5,0,red
6,6,1,2,1,2,1,5,0,red
2,2,0,1,0,0,1,2,0,red
0,1,0,0,0,0,1,1,0,red
1,2,0,0,0,0,1,2,0,red
9,17,4,8,4,1,10,18,1,dodgerblue
0,1,0,0,0,1,0,1,0,red
1,2,1,1,0,0,0,2,0,red
1,3,3,3,0,0,2,3,0,red
6,2,2,2,3,2,3,7,0,red
1,3,1,1,0,0,0,3,0,red
5,13,2,3,1,2,2,13,1,dodgerblue
4,6,1,2,2,2,2,1,0,red
2,4,2,2,0,0,1,4,0,red
2,4,1,1,1,0,1,4,0,red
2,3,2,1,0,0,0,3,0,red
0,2,0,0,1,0,0,2,0,red
3,4,1,1,1,1,1,3,0,red
1,5,0,0,0,1,1,5,0,red
4,4,1,1,0,0,3,0,0,red
1,5,0,0,1,0,0,0,0,red
1,2,1,1,0,0,0,2,0,red
1,2,2,2,0,0,1,2,0,red
5,9,2,3,2,1,4,8,0,red
1,3,1,1,0,0,2,2,0,red
1,3,0,0,1,1,0,2,0,red
0,1,0,0,0,1,0,0,0,red
3,2,0,1,0,1,0,1,0,red
6,6,0,5,0,0,9,0,0,red
1,1,0,0,1,0,1,0,0,red
0,1,0,0,2,0,0,2,0,red
0,2,1,1,1,0,1,2,0,red
4,6,0,1,2,3,0,4,0,red
0,2,0,0,1,0,0,1,0,red
2,3,1,2,5,3,2,5,0,red
2,5,1,2,1,2,0,3,0,red
1,3,0,0,1,0,0,3,0,red
4,2,1,0,0,1,2,3,0,red
1,1,0,0,0,2,0,1,0,red
0,1,0,0,1,0,0,2,0,red
1,0,0,0,0,1,0,0,0,red
4,5,4,4,1,1,2,4,0,red
0,2,0,0,0,0,1,0,0,red
1,2,0,0,0,0,0,2,0,red
0,2,0,0,1,0,1,1,0,red
1,2,1,1,0,0,0,2,0,red
8,12,3,3,1,1,4,13,1,dodgerblue
1,1,0,1,0,2,1,0,0,red
0,3,0,1,0,0,0,2,0,red
0,2,0,0,0,0,3,2,0,red
0,5,0,1,1,0,1,1,0,red
2,2,0,0,0,1,0,2,0,red
2,5,1,1,0,3,1,5,0,red
0,2,0,0,1,0,0,2,0,red
2,5,1,0,0,1,2,1,0,red
1,4,0,0,1,0,0,1,0,red
0,2,0,1,1,1,0,2,0,red
2,1,0,0,1,1,0,0,0,red
3,5,2,3,0,0,1,4,0,red
4,9,2,7,3,1,4,8,0,red
1,1,0,0,0,1,0,1,0,red
1,5,0,0,0,0,0,2,0,red
0,0,0,0,2,0,0,1,0,red
3,2,0,0,0,3,1,2,0,red
0,2,0,0,0,0,0,0,0,red
3,2,0,1,0,0,1,1,0,red
0,2,0,0,1,0,0,2,0,red
1,3,2,1,0,1,2,4,0,red
5,12,2,3,2,2,3,9,0,red
2,0,1,1,1,2,1,1,0,red
1,4,0,0,0,0,0,2,0,red
7,9,2,4,1,1,5,8,0,red
3,8,4,3,2,1,2,9,0,red
1,1,1,1,1,2,0,0,0,red
2,1,1,2,0,0,1,2,0,red
1,2,0,1,0,2,1,0,0,red
5,10,4,3,3,4,3,9,1,dodgerblue
4,7,3,3,3,3,3,8,0,red
3,6,1,2,0,0,1,7,0,red
0,1,0,0,0,0,0,1,0,red
1,1,0,0,1,0,0,2,0,red
0,2,1,1,1,1,1,1,0,red
1,3,1,2,0,0,0,2,0,red
1,2,0,0,0,0,1,2,0,red
1,2,1,1,0,0,0,2,0,red
2,2,2,2,1,1,1,2,0,red
1,4,1,1,0,0,0,4,0,red
1,4,0,1,1,0,2,2,0,red
1,3,2,2,1,0,2,4,0,red
2,3,1,2,0,0,2,1,0,red
0,3,0,0,1,1,0,2,0,red
0,2,0,0,1,0,0,2,0,red
3,1,1,1,1,0,0,3,0,red
6,14,2,2,1,2,4,15,1,dodgerblue
4,3,3,1,2,1,2,5,0,red
4,7,2,3,2,5,4,10,0,red
4,3,1,2,0,2,2,2,0,red
2,2,0,0,0,1,1,2,0,red
2,2,0,0,0,1,0,2,0,red
0,2,1,1,0,0,1,2,0,red
1,2,1,1,0,0,0,2,0,red
0,2,0,1,1,0,0,1,0,red
1,2,1,1,0,0,0,3,0,red
0,1,1,1,1,0,1,2,0,red
1,1,0,0,0,0,0,2,0,red
1,3,0,1,0,0,0,2,0,red
1,4,0,0,0,1,1,4,0,red
1,0,1,0,0,1,0,2,0,red
1,2,1,1,1,0,0,2,0,red
4,2,0,0,1,2,0,0,0,red
2,2,1,1,0,1,1,2,0,red
3,5,1,2,0,2,2,3,0,red
4,1,0,3,1,2,1,0,0,red
2,4,0,1,1,1,1,3,0,red
0,2,0,0,0,0,0,2,0,red
0,3,0,2,1,0,1,3,0,red
5,7,2,3,2,3,2,9,0,red
1,1,1,1,2,1,1,2,0,red
6,9,2,3,2,0,1,7,0,red
2,2,0,2,0,2,2,0,0,red
2,3,1,1,0,2,1,3,0,red
2,2,1,1,0,0,1,2,0,red
1,2,1,2,0,0,1,3,0,red
1,2,1,1,1,0,1,2,0,red
9,12,4,4,1,4,3,12,1,dodgerblue
2,2,2,1,0,1,0,3,0,red
1,4,1,2,0,0,0,2,0,red
1,2,1,1,0,0,1,2,0,red
2,4,0,2,1,1,3,5,0,red
3,6,1,1,1,2,1,6,0,red
1,5,0,1,0,0,0,2,0,red
2,6,0,2,0,1,2,2,0,red
5,9,0,3,3,4,1,4,0,red
4,6,2,3,2,3,4,8,0,red
2,5,2,1,0,0,0,5,0,red
1,2,0,0,0,1,0,2,0,red
7,9,5,3,4,5,6,15,1,dodgerblue
2,2,0,1,1,0,2,2,0,red
2,3,2,1,1,0,0,3,0,red
0,2,0,0,1,0,1,2,0,red
1,1,0,0,0,1,0,1,0,red
4,10,1,2,2,0,3,9,0,red
0,3,0,0,0,0,0,0,0,red
0,4,0,0,1,1,0,4,0,red
1,2,1,1,0,0,0,2,0,red
2,2,1,1,0,1,1,2,0,red
14,14,4,7,4,2,3,6,1,dodgerblue
0,2,0,0,0,1,0,2,0,red
1,2,1,1,0,0,0,2,0,red
1,3,1,1,3,1,2,4,0,red
0,3,0,1,1,0,0,1,0,red
4,8,1,1,1,1,1,8,0,red
3,0,0,0,0,3,0,0,0,red
0,2,0,0,1,0,0,1,0,red
2,1,0,0,1,1,0,4,0,red
2,5,0,2,1,1,0,0,0,red
8,5,1,4,0,0,1,0,0,red
2,2,0,3,0,0,0,2,0,red
18,19,9,6,4,3,5,24,1,dodgerblue
3,5,1,1,0,1,2,5,0,red
0,2,0,0,1,0,0,2,0,red
2,6,2,1,2,0,0,6,0,red
0,2,0,0,0,0,0,2,0,red
0,2,1,1,0,0,1,2,0,red
5,2,4,2,1,2,2,4,0,red
2,2,0,0,0,0,1,2,0,red
4,10,2,3,0,1,1,10,0,red
2,6,2,2,3,0,1,6,0,red
0,3,1,1,0,0,1,3,0,red
1,3,1,0,1,0,0,2,0,red
9,7,2,3,0,1,2,2,0,red
0,0,0,0,0,0,2,0,0,red
2,3,0,0,0,0,0,3,0,red
0,1,0,1,1,0,0,2,0,red
3,2,2,2,1,1,2,3,0,red
2,3,2,4,1,1,3,2,0,red
1,2,1,1,1,0,0,2,0,red
1,2,2,2,0,0,1,2,0,red
1,2,1,1,0,0,0,2,0,red
0,2,0,0,0,0,0,2,0,red
2,4,2,2,0,0,1,4,0,red
1,4,2,2,0,0,1,4,0,red
1,3,2,2,0,0,1,3,0,red
1,2,1,1,1,1,1,3,0,red
0,1,1,1,0,0,1,2,0,red
5,9,3,6,1,1,6,8,0,red
2,5,1,4,1,2,3,2,0,red
1,2,1,2,1,0,2,3,0,red
0,3,0,0,1,0,0,3,0,red
8,11,3,4,2,0,3,13,1,dodgerblue
1,3,2,2,0,0,1,3,0,red
2,4,1,1,1,1,1,4,0,red
1,1,1,1,2,1,1,2,0,red
1,2,0,1,0,0,1,2,0,red
0,2,0,0,0,1,0,2,0,red
2,2,1,1,0,1,1,2,0,red
0,2,1,1,1,0,1,2,0,red
3,3,3,1,3,1,1,5,0,red
2,2,1,1,0,1,1,2,0,red
2,3,0,0,0,1,1,3,0,red
2,6,2,2,1,0,1,6,0,red
1,2,1,1,0,0,0,2,0,red
5,6,2,1,0,0,0,6,0,red
0,2,0,1,0,0,1,0,0,red
2,3,1,1,0,1,1,3,0,red
1,2,0,0,2,2,0,2,0,red
2,3,1,0,0,0,0,1,0,red
0,3,0,1,0,1,2,0,0,red
1,2,0,1,1,0,2,1,0,red
1,2,1,1,1,0,0,2,0,red
2,2,0,1,1,0,3,2,0,red
2,5,1,2,3,1,0,4,0,red
0,2,1,1,0,0,1,2,0,red
0,2,0,0,1,0,0,2,0,red
4,4,0,2,1,0,0,3,0,red
0,2,0,1,0,0,1,0,0,red
9,12,3,5,1,2,6,12,1,dodgerblue
1,2,0,0,0,0,0,2,0,red
3,6,1,1,2,0,1,6,0,red
0,1,0,0,0,0,2,0,0,red
0,2,0,0,1,0,0,2,0,red
1,2,1,1,1,0,1,2,0,red
1,2,0,0,1,0,1,2,0,red
1,3,1,1,0,0,0,3,0,red
2,4,2,3,0,0,2,5,0,red
1,3,0,1,0,1,0,2,0,red
1,1,0,0,1,0,0,2,0,red
1,2,0,0,1,0,1,2,0,red
2,1,1,1,0,1,0,1,0,red
2,2,1,1,0,0,0,2,0,red
3,4,3,4,1,1,3,2,0,red
0,2,1,2,1,0,1,3,0,red
1,2,1,1,0,0,0,2,0,red
0,0,0,0,2,2,1,0,0,red
0,2,0,2,0,0,0,0,0,red
4,2,3,2,1,2,1,3,0,red
1,2,0,0,1,0,0,2,0,red
0,3,0,1,0,0,0,2,0,red
6,10,1,1,0,2,2,10,0,red
0,2,0,1,0,0,0,1,0,red
1,1,1,1,1,1,1,2,0,red
2,0,0,0,1,1,2,0,0,red
3,5,1,5,2,0,2,3,0,red
1,2,0,0,1,1,0,2,0,red
0,1,0,0,1,0,2,1,0,red
1,2,0,0,0,0,0,2,0,red
2,3,1,1,0,1,1,3,0,red
4,3,2,3,1,0,4,5,0,red
1,2,1,2,0,0,2,2,0,red
1,3,1,2,1,0,3,4,0,red
0,2,0,1,0,0,0,1,0,red
1,7,0,1,2,0,0,3,0,red
3,3,1,1,1,0,0,3,0,red
1,2,0,0,1,0,0,3,0,red
2,7,0,3,1,0,1,1,0,red
1,2,1,1,0,0,0,1,0,red
1,2,1,1,0,0,0,2,0,red
1,1,0,1,1,1,1,0,0,red
2,4,1,1,2,0,1,4,0,red
1,0,0,0,0,0,1,0,0,red
0,2,1,1,1,0,1,2,0,red
2,1,2,1,0,0,0,3,0,red
1,3,1,1,1,0,0,4,0,red
0,2,0,0,1,0,0,2,0,red
3,1,3,1,0,0,0,3,0,red
2,3,0,1,0,0,0,2,0,red
2,3,1,1,0,0,0,3,0,red
1,2,0,0,0,1,1,2,0,red
1,2,1,1,0,0,1,2,0,red
0,2,0,0,0,0,0,2,0,red
1,1,1,0,2,0,0,2,0,red
1,2,1,1,0,0,0,2,0,red
4,4,3,4,0,1,3,4,0,red
2,5,1,1,1,1,0,5,0,red
1,2,1,1,0,0,0,2,0,red
1,2,1,2,0,0,2,1,0,red
1,2,1,1,1,0,0,2,0,red
1,1,1,1,0,1,0,2,0,red
1,3,1,1,1,0,0,3,0,red
1,2,0,0,1,0,0,2,0,red
1,4,0,0,1,0,0,4,0,red
3,3,1,1,0,1,1,2,0,red
0,1,0,0,2,0,1,2,0,red
1,2,0,0,2,0,0,1,0,red
2,2,0,2,0,0,2,0,0,red
0,4,0,1,0,0,0,0,0,red
0,2,0,0,1,0,0,2,0,red
1,1,0,0,0,1,0,1,0,red
1,0,0,0,0,2,0,0,0,red
2,4,1,1,0,1,0,4,0,red
2,1,1,1,0,1,0,1,0,red
2,2,0,0,1,0,1,2,0,red
2,0,2,1,0,1,0,2,0,red
1,2,1,1,0,0,0,2,0,red
1,2,1,1,0,0,0,2,0,red
0,2,0,0,1,1,0,2,0,red
1,2,1,1,0,0,0,2,0,red
6,4,4,3,2,2,3,6,0,red
0,1,0,0,2,0,1,2,0,red
0,3,0,0,1,0,0,3,0,red
1,2,1,1,0,0,0,2,0,red
0,2,0,0,0,0,0,2,0,red
0,1,0,0,1,1,0,2,0,red
1,1,0,0,0,0,1,2,0,red
2,3,1,1,1,0,0,3,0,red
2,2,0,0,0,0,0,2,0,red
3,2,2,1,0,0,0,4,0,red
